name,image_path
a_bird_in_hand,assets\cards\a_bird_in_hand.png
a_break_in_the_action,assets\cards\a_break_in_the_action.png
a_demonic_presence,assets\cards\a_demonic_presence.png
a_donation_of_mageweave,assets\cards\a_donation_of_mageweave.png
a_donation_of_silk,assets\cards\a_donation_of_silk.png
a_donation_of_wool,assets\cards\a_donation_of_wool.png
a_fiery_reunion,assets\cards\a_fiery_reunion.png
a_final_blow,assets\cards\a_final_blow.png
a_final_sacrifice,assets\cards\a_final_sacrifice.png
a_flawless_advance,assets\cards\a_flawless_advance.png
a_head_full_of_wind,assets\cards\a_head_full_of_wind.png
a_heros_burden,assets\cards\a_heros_burden.png
a_matter_of_time,assets\cards\a_matter_of_time.png
a_new_plague,assets\cards\a_new_plague.png
a_proper_string,assets\cards\a_proper_string.png
a_question_of_gluttony,assets\cards\a_question_of_gluttony.png
a_rare_bean,assets\cards\a_rare_bean.png
a_refugees_quandary,assets\cards\a_refugees_quandary.png
a_tale_of_valor,assets\cards\a_tale_of_valor.png
a_taste_of_divinity,assets\cards\a_taste_of_divinity.png
a_traitor_among_us,assets\cards\a_traitor_among_us.png
a_voice_in_the_dark,assets\cards\a_voice_in_the_dark.png
a_warm_welcome,assets\cards\a_warm_welcome.png
aaron_goodchilde,assets\cards\aaron_goodchilde.png
abacus_of_violent_odds,assets\cards\abacus_of_violent_odds.png
abasha_windstorm,assets\cards\abasha_windstorm.png
abbie_whizzleblade,assets\cards\abbie_whizzleblade.png
abomination,assets\cards\abomination.png
abomination_knuckles,assets\cards\abomination_knuckles.png
abracadaver,assets\cards\abracadaver.png
absolute_poise,assets\cards\absolute_poise.png
absorb_magic,assets\cards\absorb_magic.png
abyss_walkers_boots,assets\cards\abyss_walkers_boots.png
abyssal_maw,assets\cards\abyssal_maw.png
abyssal_seahorse,assets\cards\abyssal_seahorse.png
abysswalker_rakax,assets\cards\abysswalker_rakax.png
acid_hand_mcgillicutty,assets\cards\acid_hand_mcgillicutty.png
acolyte_demia,assets\cards\acolyte_demia.png
acolyte_kemistra,assets\cards\acolyte_kemistra.png
adal,assets\cards\adal.png
adals_signet_of_defense,assets\cards\adals_signet_of_defense.png
adam_eternum,assets\cards\adam_eternum.png
addisyn_the_untouchable,assets\cards\addisyn_the_untouchable.png
adenda_lighthaven,assets\cards\adenda_lighthaven.png
adept_breton,assets\cards\adept_breton.png
admiral_ripsnarl,assets\cards\admiral_ripsnarl.png
adonal_brokenhoof,assets\cards\adonal_brokenhoof.png
adrenaline_rush,assets\cards\adrenaline_rush.png
adrienne_the_inspiring,assets\cards\adrienne_the_inspiring.png
adyen_the_lightwarden,assets\cards\adyen_the_lightwarden.png
aegis_of_scarlet_commander,assets\cards\aegis_of_scarlet_commander.png
aegis_of_the_blood_god,assets\cards\aegis_of_the_blood_god.png
aegis_of_the_vindicator,assets\cards\aegis_of_the_vindicator.png
aegwynn_guardian_of_tirisfal,assets\cards\aegwynn_guardian_of_tirisfal.png
aesa,assets\cards\aesa.png
aesadonna_almere,assets\cards\aesadonna_almere.png
aeshia_moonstreak,assets\cards\aeshia_moonstreak.png
aessina,assets\cards\aessina.png
aessinas_boon,assets\cards\aessinas_boon.png
aessinas_miracle,assets\cards\aessinas_miracle.png
aftermath,assets\cards\aftermath.png
against_the_illidari,assets\cards\against_the_illidari.png
against_the_legion,assets\cards\against_the_legion.png
agamaggan,assets\cards\agamaggan.png
aggra,assets\cards\aggra.png
aggressive_exploitation,assets\cards\aggressive_exploitation.png
aggressive_infiltration,assets\cards\aggressive_infiltration.png
agile_cat_form,assets\cards\agile_cat_form.png
agonizing_poison,assets\cards\agonizing_poison.png
ahul_moonspeaker,assets\cards\ahul_moonspeaker.png
aileen_the_thunderblessed,assets\cards\aileen_the_thunderblessed.png
aimed_shot,assets\cards\aimed_shot.png
akama,assets\cards\akama.png
akamas_promise,assets\cards\akamas_promise.png
akamas_sash,assets\cards\akamas_sash.png
akasi_herald_of_nature,assets\cards\akasi_herald_of_nature.png
akhet,assets\cards\akhet.png
akiko_the_alert,assets\cards\akiko_the_alert.png
akirus_the_worm_breaker,assets\cards\akirus_the_worm_breaker.png
aknot_whetstone,assets\cards\aknot_whetstone.png
alador_stonebrew,assets\cards\alador_stonebrew.png
alakir_the_windlord,assets\cards\alakir_the_windlord.png
alamira_grovetender,assets\cards\alamira_grovetender.png
alamo,assets\cards\alamo.png
alana_the_hopebringer,assets\cards\alana_the_hopebringer.png
alana_the_woebringer,assets\cards\alana_the_woebringer.png
alard_schmied,assets\cards\alard_schmied.png
alaria_the_huntress,assets\cards\alaria_the_huntress.png
alas_andorhal,assets\cards\alas_andorhal.png
alchemist_finklestein,assets\cards\alchemist_finklestein.png
alchemist_norrinthal,assets\cards\alchemist_norrinthal.png
alchemists_stone,assets\cards\alchemists_stone.png
aldana,assets\cards\aldana.png
aldori_legacy_defender,assets\cards\aldori_legacy_defender.png
alecia_hall,assets\cards\alecia_hall.png
aleksei_brandal,assets\cards\aleksei_brandal.png
alethar_the_blightspreader,assets\cards\alethar_the_blightspreader.png
alethia_brightstong,assets\cards\alethia_brightstong.png
alex_iskandar,assets\cards\alex_iskandar.png
alexandros_mograine,assets\cards\alexandros_mograine.png
alexi_barov,assets\cards\alexi_barov.png
alextrasza_the_life_binder,assets\cards\alextrasza_the_life_binder.png
aleyah_dawnborn,assets\cards\aleyah_dawnborn.png
alhas,assets\cards\alhas.png
alister_cooper,assets\cards\alister_cooper.png
all_aboard_for_undercity,assets\cards\all_aboard_for_undercity.png
all_that_rises,assets\cards\all_that_rises.png
all_things_in_good_time,assets\cards\all_things_in_good_time.png
allanora,assets\cards\allanora.png
almia_moonwhisper,assets\cards\almia_moonwhisper.png
alpha_prime,assets\cards\alpha_prime.png
alrak_stonecrack,assets\cards\alrak_stonecrack.png
alterac_valley,assets\cards\alterac_valley.png
alundra_sindorei_timewalker,assets\cards\alundra_sindorei_timewalker.png
alyna_sunshower,assets\cards\alyna_sunshower.png
amah_the_suns_grace,assets\cards\amah_the_suns_grace.png
amani_dragonhawk,assets\cards\amani_dragonhawk.png
amani_mask_of_death,assets\cards\amani_mask_of_death.png
amani_venom_axe,assets\cards\amani_venom_axe.png
amano_herald_of_the_sun,assets\cards\amano_herald_of_the_sun.png
amara_kells,assets\cards\amara_kells.png
amaria_kelsur,assets\cards\amaria_kelsur.png
amaxi_the_cruel,assets\cards\amaxi_the_cruel.png
ambassador_chromie,assets\cards\ambassador_chromie.png
ambassador_jerrikar,assets\cards\ambassador_jerrikar.png
ambush,assets\cards\ambush.png
amice_of_brilliant_light,assets\cards\amice_of_brilliant_light.png
ammunae_construct_of_life,assets\cards\ammunae_construct_of_life.png
amplify_magic,assets\cards\amplify_magic.png
amulet_of_dull_dreaming,assets\cards\amulet_of_dull_dreaming.png
amulet_of_spell_shield,assets\cards\amulet_of_spell_shield.png
an_ancient_awakens,assets\cards\an_ancient_awakens.png
an_improper_burial,assets\cards\an_improper_burial.png
an_oox_of_your_own,assets\cards\an_oox_of_your_own.png
anachronos,assets\cards\anachronos.png
anaka_the_lights_bulwark,assets\cards\anaka_the_lights_bulwark.png
anarchist_bladewalker,assets\cards\anarchist_bladewalker.png
anastina_herald_of_the_fel,assets\cards\anastina_herald_of_the_fel.png
anathel_the_eagle_eye,assets\cards\anathel_the_eagle_eye.png
anathema,assets\cards\anathema.png
ancestral_awakening,assets\cards\ancestral_awakening.png
ancestral_purge,assets\cards\ancestral_purge.png
ancestral_recovery,assets\cards\ancestral_recovery.png
ancestral_renewal,assets\cards\ancestral_renewal.png
ancestral_revival,assets\cards\ancestral_revival.png
ancestral_spirit,assets\cards\ancestral_spirit.png
anchorite_alonora,assets\cards\anchorite_alonora.png
anchorite_ceyla,assets\cards\anchorite_ceyla.png
anchorite_fareena,assets\cards\anchorite_fareena.png
anchorite_jaliah,assets\cards\anchorite_jaliah.png
anchorite_kalinna,assets\cards\anchorite_kalinna.png
anchorite_karja,assets\cards\anchorite_karja.png
anchorite_kilandra,assets\cards\anchorite_kilandra.png
anchorite_onkoth,assets\cards\anchorite_onkoth.png
anchorite_viluaa,assets\cards\anchorite_viluaa.png
ancient_amber,assets\cards\ancient_amber.png
ancient_bear_form,assets\cards\ancient_bear_form.png
ancient_bone_bow,assets\cards\ancient_bone_bow.png
ancient_cornerstone_grimoire,assets\cards\ancient_cornerstone_grimoire.png
ancient_moonkin_form,assets\cards\ancient_moonkin_form.png
andarius_the_damned,assets\cards\andarius_the_damned.png
anders_blankheart,assets\cards\anders_blankheart.png
andiss_butcherson,assets\cards\andiss_butcherson.png
andrew_ulric,assets\cards\andrew_ulric.png
andrews_the_just,assets\cards\andrews_the_just.png
anduin_lothar,assets\cards\anduin_lothar.png
anduin_wrynn,assets\cards\anduin_wrynn.png
anduros_silversong,assets\cards\anduros_silversong.png
anesthetic_poison,assets\cards\anesthetic_poison.png
angelista,assets\cards\angelista.png
anger_management,assets\cards\anger_management.png
angrathar_the_wrathgate,assets\cards\angrathar_the_wrathgate.png
angrida,assets\cards\angrida.png
angry_dead,assets\cards\angry_dead.png
anguar_frostbeard,assets\cards\anguar_frostbeard.png
anika_berlyn,assets\cards\anika_berlyn.png
annihilate,assets\cards\annihilate.png
annihilator,assets\cards\annihilator.png
anraphets_regalia,assets\cards\anraphets_regalia.png
ansem_timewalker_deathblade,assets\cards\ansem_timewalker_deathblade.png
anti_magic_potion,assets\cards\anti_magic_potion.png
anti_magic_shell,assets\cards\anti_magic_shell.png
antikron_the_unyielding,assets\cards\antikron_the_unyielding.png
antonidass_aegis_of_rapt_concentration,assets\cards\antonidass_aegis_of_rapt_concentration.png
antyr,assets\cards\antyr.png
anubarak_the_traitor_king,assets\cards\anubarak_the_traitor_king.png
apocanon,assets\cards\apocanon.png
apostle_of_argus,assets\cards\apostle_of_argus.png
apparatus_of_khazgoroth,assets\cards\apparatus_of_khazgoroth.png
apply_this_twice_a_day,assets\cards\apply_this_twice_a_day.png
apprentice_merry,assets\cards\apprentice_merry.png
apprentice_teep,assets\cards\apprentice_teep.png
aquatic_form,assets\cards\aquatic_form.png
araelun,assets\cards\araelun.png
arathar_the_eye_of_flame,assets\cards\arathar_the_eye_of_flame.png
arathi_basin,assets\cards\arathi_basin.png
araxian_herald_of_trickery,assets\cards\araxian_herald_of_trickery.png
arazzius_the_cruel,assets\cards\arazzius_the_cruel.png
arc_heal,assets\cards\arc_heal.png
arc_of_flame,assets\cards\arc_of_flame.png
arcane_anomaly,assets\cards\arcane_anomaly.png
arcane_barrage,assets\cards\arcane_barrage.png
arcane_binding,assets\cards\arcane_binding.png
arcane_blast,assets\cards\arcane_blast.png
arcane_breach,assets\cards\arcane_breach.png
arcane_brilliance,assets\cards\arcane_brilliance.png
arcane_burst,assets\cards\arcane_burst.png
arcane_enlightenment,assets\cards\arcane_enlightenment.png
arcane_essence,assets\cards\arcane_essence.png
arcane_explosion,assets\cards\arcane_explosion.png
arcane_focus,assets\cards\arcane_focus.png
arcane_foresight,assets\cards\arcane_foresight.png
arcane_guardian,assets\cards\arcane_guardian.png
arcane_inferno,assets\cards\arcane_inferno.png
arcane_intellect,assets\cards\arcane_intellect.png
arcane_missiles,assets\cards\arcane_missiles.png
arcane_missles,assets\cards\arcane_missles.png
arcane_potency,assets\cards\arcane_potency.png
arcane_power,assets\cards\arcane_power.png
arcane_protector,assets\cards\arcane_protector.png
arcane_reflection,assets\cards\arcane_reflection.png
arcane_research,assets\cards\arcane_research.png
arcane_revelation,assets\cards\arcane_revelation.png
arcane_shock,assets\cards\arcane_shock.png
arcane_shot,assets\cards\arcane_shot.png
arcane_spikes,assets\cards\arcane_spikes.png
arcane_tactics,assets\cards\arcane_tactics.png
arcane_torrent,assets\cards\arcane_torrent.png
arcane_unraveling,assets\cards\arcane_unraveling.png
arcane_warding,assets\cards\arcane_warding.png
arcanist_alathana,assets\cards\arcanist_alathana.png
arcanist_atikan,assets\cards\arcanist_atikan.png
arcanist_avelena,assets\cards\arcanist_avelena.png
arcanist_bartis,assets\cards\arcanist_bartis.png
arcanist_dayvana,assets\cards\arcanist_dayvana.png
arcanist_lyronia,assets\cards\arcanist_lyronia.png
arcanist_raith,assets\cards\arcanist_raith.png
arcanist_renaan,assets\cards\arcanist_renaan.png
arcanist_thelis,assets\cards\arcanist_thelis.png
arcanist_tian,assets\cards\arcanist_tian.png
arcanite_dragonling,assets\cards\arcanite_dragonling.png
arcanite_reaper,assets\cards\arcanite_reaper.png
arcanite_steam_pistol,assets\cards\arcanite_steam_pistol.png
arcanium_signet_bands,assets\cards\arcanium_signet_bands.png
arcanomage_misti,assets\cards\arcanomage_misti.png
arced_war_axe,assets\cards\arced_war_axe.png
arch_druid_lilliandra,assets\cards\arch_druid_lilliandra.png
archbishop_benedictus,assets\cards\archbishop_benedictus.png
archdruid_fandral_staghelm,assets\cards\archdruid_fandral_staghelm.png
archdruid_hamuul_runetotem,assets\cards\archdruid_hamuul_runetotem.png
archdruid_malfurion_stormrage,assets\cards\archdruid_malfurion_stormrage.png
archduke_franklin_pearce,assets\cards\archduke_franklin_pearce.png
archimonde_hand_of_sargeras,assets\cards\archimonde_hand_of_sargeras.png
archimonde_the_defiler,assets\cards\archimonde_the_defiler.png
archival_purposes,assets\cards\archival_purposes.png
archmage_arugal,assets\cards\archmage_arugal.png
archmage_barstow,assets\cards\archmage_barstow.png
arctic_blast,assets\cards\arctic_blast.png
ardent_defender,assets\cards\ardent_defender.png
ardon_almastor,assets\cards\ardon_almastor.png
are_we_there_yeti,assets\cards\are_we_there_yeti.png
arena_grandmaster,assets\cards\arena_grandmaster.png
arena_master,assets\cards\arena_master.png
aresan_bloodshield,assets\cards\aresan_bloodshield.png
aresha_thorncaller,assets\cards\aresha_thorncaller.png
argent_confessor_paletress,assets\cards\argent_confessor_paletress.png
argent_crusader,assets\cards\argent_crusader.png
argent_defender,assets\cards\argent_defender.png
aric_stonejack,assets\cards\aric_stonejack.png
arion,assets\cards\arion.png
arisa_sarum,assets\cards\arisa_sarum.png
arisella_daughter_of_cenarius,assets\cards\arisella_daughter_of_cenarius.png
arktos,assets\cards\arktos.png
arlek_stonehilt,assets\cards\arlek_stonehilt.png
arlen_the_untamed,assets\cards\arlen_the_untamed.png
arm_blade_of_augelmir,assets\cards\arm_blade_of_augelmir.png
armed_to_the_teeth,assets\cards\armed_to_the_teeth.png
armored_blue_wind_rider,assets\cards\armored_blue_wind_rider.png
armored_snowy_gryphon,assets\cards\armored_snowy_gryphon.png
armsman,assets\cards\armsman.png
armwraps_of_disdain,assets\cards\armwraps_of_disdain.png
army_of_the_damned,assets\cards\army_of_the_damned.png
army_of_the_dead,assets\cards\army_of_the_dead.png
army_of_undeath,assets\cards\army_of_undeath.png
arnerus_brightsteppe,assets\cards\arnerus_brightsteppe.png
arnold_flem,assets\cards\arnold_flem.png
arrival_of_the_naaru,assets\cards\arrival_of_the_naaru.png
arrowsong,assets\cards\arrowsong.png
arrowstorm,assets\cards\arrowstorm.png
arthas_menethil,assets\cards\arthas_menethil.png
artors_mainstay,assets\cards\artors_mainstay.png
arturius_hathrow,assets\cards\arturius_hathrow.png
arvos_jadestone,assets\cards\arvos_jadestone.png
arygos,assets\cards\arygos.png
as_hyjal_burns,assets\cards\as_hyjal_burns.png
as_the_crow_flies,assets\cards\as_the_crow_flies.png
ashenvale,assets\cards\ashenvale.png
ashenvale_acolyte,assets\cards\ashenvale_acolyte.png
ashenvale_archer,assets\cards\ashenvale_archer.png
ashenvale_illusionist,assets\cards\ashenvale_illusionist.png
ashergi,assets\cards\ashergi.png
ashnaar_frost_herald,assets\cards\ashnaar_frost_herald.png
ashroot_ancient_of_lore,assets\cards\ashroot_ancient_of_lore.png
ashton_barstow,assets\cards\ashton_barstow.png
ashtongue_blade,assets\cards\ashtongue_blade.png
askalti_darksteel,assets\cards\askalti_darksteel.png
asoren_darksnout,assets\cards\asoren_darksnout.png
aspect_of_the_cheetah,assets\cards\aspect_of_the_cheetah.png
aspect_of_the_hawk,assets\cards\aspect_of_the_hawk.png
aspect_of_the_monkey,assets\cards\aspect_of_the_monkey.png
aspect_of_the_viper,assets\cards\aspect_of_the_viper.png
aspect_of_the_wild,assets\cards\aspect_of_the_wild.png
assassins_game,assets\cards\assassins_game.png
assassins_grace,assets\cards\assassins_grace.png
assassins_strike,assets\cards\assassins_strike.png
assault_on_blackrock_spire,assets\cards\assault_on_blackrock_spire.png
astani_dawngrace,assets\cards\astani_dawngrace.png
astral_denial,assets\cards\astral_denial.png
astral_grief,assets\cards\astral_grief.png
astral_recall,assets\cards\astral_recall.png
atani_of_the_watch,assets\cards\atani_of_the_watch.png
atiesh_greatstaff_of_the_guardian,assets\cards\atiesh_greatstaff_of_the_guardian.png
atonement,assets\cards\atonement.png
atraxis_cudgel_of_the_warmaster,assets\cards\atraxis_cudgel_of_the_warmaster.png
auchindoun_spirit_towers,assets\cards\auchindoun_spirit_towers.png
augh,assets\cards\augh.png
augment_steel,assets\cards\augment_steel.png
augustus_corpsemonger,assets\cards\augustus_corpsemonger.png
aura_of_accuracy,assets\cards\aura_of_accuracy.png
aura_of_fanaticism,assets\cards\aura_of_fanaticism.png
auralyn_the_light_of_dawn,assets\cards\auralyn_the_light_of_dawn.png
aurastone_hammer,assets\cards\aurastone_hammer.png
aurius,assets\cards\aurius.png
auryna_the_lightsworn,assets\cards\auryna_the_lightsworn.png
avalanche,assets\cards\avalanche.png
avanthera,assets\cards\avanthera.png
avatar_of_the_wild,assets\cards\avatar_of_the_wild.png
avengers_shield,assets\cards\avengers_shield.png
avenging_wrath,assets\cards\avenging_wrath.png
aviana_the_reborn,assets\cards\aviana_the_reborn.png
axar,assets\cards\axar.png
axe_of_cenarius,assets\cards\axe_of_cenarius.png
axe_of_grounded_flame,assets\cards\axe_of_grounded_flame.png
axe_of_the_eclipse,assets\cards\axe_of_the_eclipse.png
axe_of_the_legion,assets\cards\axe_of_the_legion.png
axe_of_the_tauren_chieftains,assets\cards\axe_of_the_tauren_chieftains.png
ayaka_winterhoof,assets\cards\ayaka_winterhoof.png
ayluro_nightwind,assets\cards\ayluro_nightwind.png
azaloth,assets\cards\azaloth.png
azamital_the_flamebender,assets\cards\azamital_the_flamebender.png
azamoth_deathfang,assets\cards\azamoth_deathfang.png
azarak_wolfsblood,assets\cards\azarak_wolfsblood.png
azgalor_the_pit_lord,assets\cards\azgalor_the_pit_lord.png
azizi_daggerflick,assets\cards\azizi_daggerflick.png
azjol_anak_acidslinger,assets\cards\azjol_anak_acidslinger.png
azjol_anak_acidspewer,assets\cards\azjol_anak_acidspewer.png
azjol_anak_battleguard,assets\cards\azjol_anak_battleguard.png
azjol_anak_broodguard,assets\cards\azjol_anak_broodguard.png
azjol_anak_champion,assets\cards\azjol_anak_champion.png
azjol_anak_deathwatcher,assets\cards\azjol_anak_deathwatcher.png
azjol_anak_skirmisher,assets\cards\azjol_anak_skirmisher.png
azjol_anak_webspinner,assets\cards\azjol_anak_webspinner.png
azjol_anak_webweaver,assets\cards\azjol_anak_webweaver.png
azure_captain,assets\cards\azure_captain.png
azure_drake,assets\cards\azure_drake.png
azure_emissary,assets\cards\azure_emissary.png
azure_enforcer,assets\cards\azure_enforcer.png
azure_magus,assets\cards\azure_magus.png
azure_shield_of_coldarra,assets\cards\azure_shield_of_coldarra.png
azure_skyrazor,assets\cards\azure_skyrazor.png
azuresong_mageblade,assets\cards\azuresong_mageblade.png
azzinoth,assets\cards\azzinoth.png
babagahnoosh_the_grumpy,assets\cards\babagahnoosh_the_grumpy.png
baby_murloc,assets\cards\baby_murloc.png
backlash,assets\cards\backlash.png
backstab,assets\cards\backstab.png
backstab_bindo_gearbomb,assets\cards\backstab_bindo_gearbomb.png
bad_mojo_mask,assets\cards\bad_mojo_mask.png
bad_seed,assets\cards\bad_seed.png
baelgond_soulgrace,assets\cards\baelgond_soulgrace.png
baine_son_of_cairne,assets\cards\baine_son_of_cairne.png
bait_the_trap,assets\cards\bait_the_trap.png
bakaar,assets\cards\bakaar.png
bala_silentblade,assets\cards\bala_silentblade.png
balanced_heartseeker,assets\cards\balanced_heartseeker.png
balrak_stoutstone,assets\cards\balrak_stoutstone.png
band_of_bees,assets\cards\band_of_bees.png
band_of_channeled_magic,assets\cards\band_of_channeled_magic.png
band_of_crimson_fury,assets\cards\band_of_crimson_fury.png
band_of_secret_names,assets\cards\band_of_secret_names.png
band_of_sulfuras,assets\cards\band_of_sulfuras.png
band_of_the_inevitable,assets\cards\band_of_the_inevitable.png
band_of_the_ranger_general,assets\cards\band_of_the_ranger_general.png
band_of_vile_aggression,assets\cards\band_of_vile_aggression.png
bandits_insignia,assets\cards\bandits_insignia.png
bane_of_the_illidari,assets\cards\bane_of_the_illidari.png
bangle_of_endless_blessings,assets\cards\bangle_of_endless_blessings.png
banish,assets\cards\banish.png
banish_soul,assets\cards\banish_soul.png
banish_to_the_nether,assets\cards\banish_to_the_nether.png
banok_sunrock,assets\cards\banok_sunrock.png
banshee,assets\cards\banshee.png
banshee_soulclaimer,assets\cards\banshee_soulclaimer.png
bantham_jadefist_apprentice,assets\cards\bantham_jadefist_apprentice.png
banzai,assets\cards\banzai.png
baradis_darkstone,assets\cards\baradis_darkstone.png
barador_wildhammer_timewalker,assets\cards\barador_wildhammer_timewalker.png
barak_the_shamed,assets\cards\barak_the_shamed.png
barathex_undeaths_hand,assets\cards\barathex_undeaths_hand.png
barbaric_legstraps,assets\cards\barbaric_legstraps.png
barims_main_gauche,assets\cards\barims_main_gauche.png
bark_and_bite,assets\cards\bark_and_bite.png
barkskin,assets\cards\barkskin.png
barman_shanker,assets\cards\barman_shanker.png
barnacle_coated_greataxe,assets\cards\barnacle_coated_greataxe.png
barnathrum_lord_of_pain,assets\cards\barnathrum_lord_of_pain.png
baron_ashbury,assets\cards\baron_ashbury.png
barous_the_storm_baron,assets\cards\barous_the_storm_baron.png
barov_peasant_caller,assets\cards\barov_peasant_caller.png
baru_gravehorn,assets\cards\baru_gravehorn.png
bash,assets\cards\bash.png
bash_and_slash,assets\cards\bash_and_slash.png
bastion_of_defense,assets\cards\bastion_of_defense.png
bathrah_the_windwatcher,assets\cards\bathrah_the_windwatcher.png
battle_for_the_scarlet_monastery,assets\cards\battle_for_the_scarlet_monastery.png
battle_mages_baton,assets\cards\battle_mages_baton.png
battle_of_darrowshire,assets\cards\battle_of_darrowshire.png
battle_of_life_and_death,assets\cards\battle_of_life_and_death.png
battle_of_the_crimson_watch,assets\cards\battle_of_the_crimson_watch.png
battle_preparations,assets\cards\battle_preparations.png
battle_shout,assets\cards\battle_shout.png
battle_tactics,assets\cards\battle_tactics.png
battlecast_pants,assets\cards\battlecast_pants.png
battlemage_vyara,assets\cards\battlemage_vyara.png
battleplate_of_the_apocalypse,assets\cards\battleplate_of_the_apocalypse.png
baxtan_herald_of_the_flame,assets\cards\baxtan_herald_of_the_flame.png
baxxel_geartooth,assets\cards\baxxel_geartooth.png
bayner_cogbertson,assets\cards\bayner_cogbertson.png
bazul_herald_of_the_fel,assets\cards\bazul_herald_of_the_fel.png
beacon_of_light,assets\cards\beacon_of_light.png
bear_form,assets\cards\bear_form.png
bear_trap,assets\cards\bear_trap.png
bearlady_brala,assets\cards\bearlady_brala.png
beast_mastery,assets\cards\beast_mastery.png
bedrock_talisman,assets\cards\bedrock_talisman.png
behead,assets\cards\behead.png
belithra_the_black_thorn,assets\cards\belithra_the_black_thorn.png
bella_wilder,assets\cards\bella_wilder.png
belligerence,assets\cards\belligerence.png
belmaril_timewalker_bloodmage,assets\cards\belmaril_timewalker_bloodmage.png
belt_of_absolute_zero,assets\cards\belt_of_absolute_zero.png
belt_of_blasting,assets\cards\belt_of_blasting.png
belt_of_deep_shadow,assets\cards\belt_of_deep_shadow.png
belt_of_the_archmage,assets\cards\belt_of_the_archmage.png
belt_of_the_black_eagle,assets\cards\belt_of_the_black_eagle.png
belt_of_the_giant_strength,assets\cards\belt_of_the_giant_strength.png
belt_of_the_singing_blade,assets\cards\belt_of_the_singing_blade.png
belt_of_the_twilight_assassin,assets\cards\belt_of_the_twilight_assassin.png
benediction,assets\cards\benediction.png
benedictus_the_twilight_father,assets\cards\benedictus_the_twilight_father.png
benethor_draigo,assets\cards\benethor_draigo.png
berserk,assets\cards\berserk.png
berserker_bracers,assets\cards\berserker_bracers.png
berserker_rage,assets\cards\berserker_rage.png
berserker_stance,assets\cards\berserker_stance.png
berserking,assets\cards\berserking.png
beshiah,assets\cards\beshiah.png
besora_galefeather,assets\cards\besora_galefeather.png
bestial_instinct,assets\cards\bestial_instinct.png
bestial_rage,assets\cards\bestial_rage.png
bestial_resurgence,assets\cards\bestial_resurgence.png
bestial_revival,assets\cards\bestial_revival.png
bestial_swiftness,assets\cards\bestial_swiftness.png
bestial_wrath,assets\cards\bestial_wrath.png
betrayer_of_humanity,assets\cards\betrayer_of_humanity.png
beyond_the_grave,assets\cards\beyond_the_grave.png
bhenn_checks_the_sky,assets\cards\bhenn_checks_the_sky.png
bianca_timewalker_mage,assets\cards\bianca_timewalker_mage.png
big_cauldron_of_battle,assets\cards\big_cauldron_of_battle.png
big_game_hunter,assets\cards\big_game_hunter.png
bigbelly_furbolg_chieftain,assets\cards\bigbelly_furbolg_chieftain.png
bildros_nullvoid,assets\cards\bildros_nullvoid.png
bimble_blackout,assets\cards\bimble_blackout.png
binding_heal,assets\cards\binding_heal.png
binding_of_lightning_reflexes,assets\cards\binding_of_lightning_reflexes.png
bishop_ketodo,assets\cards\bishop_ketodo.png
bitey,assets\cards\bitey.png
biting_wind,assets\cards\biting_wind.png
bitter_cold_armguards,assets\cards\bitter_cold_armguards.png
bitties,assets\cards\bitties.png
bizzazz,assets\cards\bizzazz.png
bizzik_sparkcog,assets\cards\bizzik_sparkcog.png
black_amnesty,assets\cards\black_amnesty.png
black_blood,assets\cards\black_blood.png
black_bow_of_the_betrayer,assets\cards\black_bow_of_the_betrayer.png
black_death,assets\cards\black_death.png
black_felsteel_bracers,assets\cards\black_felsteel_bracers.png
black_heart_of_flame,assets\cards\black_heart_of_flame.png
black_ice,assets\cards\black_ice.png
black_ice_fizzlefreeze,assets\cards\black_ice_fizzlefreeze.png
blackcrow,assets\cards\blackcrow.png
blackened_spear,assets\cards\blackened_spear.png
blackfang_battleweave_tunic,assets\cards\blackfang_battleweave_tunic.png
blackfang_tarantula,assets\cards\blackfang_tarantula.png
blackhorn_fearmonger,assets\cards\blackhorn_fearmonger.png
blackhorns_mighty_bulwark,assets\cards\blackhorns_mighty_bulwark.png
blackout,assets\cards\blackout.png
blackout_truncheon,assets\cards\blackout_truncheon.png
blackrock_shooter,assets\cards\blackrock_shooter.png
blackrock_spire,assets\cards\blackrock_spire.png
blacksoul_polearm,assets\cards\blacksoul_polearm.png
blade_flurry,assets\cards\blade_flurry.png
blade_of_the_burning_sun,assets\cards\blade_of_the_burning_sun.png
blade_of_the_empty_void,assets\cards\blade_of_the_empty_void.png
blade_of_the_witching_hour,assets\cards\blade_of_the_witching_hour.png
blade_of_unquenched_thirst,assets\cards\blade_of_unquenched_thirst.png
blade_of_wizardry,assets\cards\blade_of_wizardry.png
blade_strike,assets\cards\blade_strike.png
blade_twisting,assets\cards\blade_twisting.png
bladebreaker_gauntlets,assets\cards\bladebreaker_gauntlets.png
bladefists_breadth,assets\cards\bladefists_breadth.png
bladehands_spigotgulp,assets\cards\bladehands_spigotgulp.png
blademistress_lyss,assets\cards\blademistress_lyss.png
bladesinger_alyssa,assets\cards\bladesinger_alyssa.png
bladestorm,assets\cards\bladestorm.png
bladewhirl,assets\cards\bladewhirl.png
blaine_roberts,assets\cards\blaine_roberts.png
blaize_brightspark,assets\cards\blaize_brightspark.png
blast_trap,assets\cards\blast_trap.png
blast_wave,assets\cards\blast_wave.png
blastershot_launcher,assets\cards\blastershot_launcher.png
blaze,assets\cards\blaze.png
blaze_of_light,assets\cards\blaze_of_light.png
blazemistress_lindsey,assets\cards\blazemistress_lindsey.png
blazing_debris,assets\cards\blazing_debris.png
blazing_elemental_totem,assets\cards\blazing_elemental_totem.png
blazing_hippongryph,assets\cards\blazing_hippongryph.png
blazing_infernal,assets\cards\blazing_infernal.png
bleakheart_hellcaller,assets\cards\bleakheart_hellcaller.png
bleed,assets\cards\bleed.png
blessed_defense,assets\cards\blessed_defense.png
blessed_life,assets\cards\blessed_life.png
blessed_medallion_of_karabor,assets\cards\blessed_medallion_of_karabor.png
blessed_protector,assets\cards\blessed_protector.png
blessing_from_beyond,assets\cards\blessing_from_beyond.png
blessing_of_cenarius,assets\cards\blessing_of_cenarius.png
blessing_of_defense,assets\cards\blessing_of_defense.png
blessing_of_divinity,assets\cards\blessing_of_divinity.png
blessing_of_faith,assets\cards\blessing_of_faith.png
blessing_of_freedom,assets\cards\blessing_of_freedom.png
blessing_of_kings,assets\cards\blessing_of_kings.png
blessing_of_liberty,assets\cards\blessing_of_liberty.png
blessing_of_might,assets\cards\blessing_of_might.png
blessing_of_protection,assets\cards\blessing_of_protection.png
blessing_of_resolution,assets\cards\blessing_of_resolution.png
blessing_of_sacrifice,assets\cards\blessing_of_sacrifice.png
blessing_of_salvation,assets\cards\blessing_of_salvation.png
blessing_of_sanctuary,assets\cards\blessing_of_sanctuary.png
blessing_of_the_devoted,assets\cards\blessing_of_the_devoted.png
blessing_of_the_heavens,assets\cards\blessing_of_the_heavens.png
blessing_of_the_just,assets\cards\blessing_of_the_just.png
blessing_of_the_kindred,assets\cards\blessing_of_the_kindred.png
blessing_of_the_light,assets\cards\blessing_of_the_light.png
blessing_of_the_martyr,assets\cards\blessing_of_the_martyr.png
blessing_of_the_old_god,assets\cards\blessing_of_the_old_god.png
blessing_of_the_pure,assets\cards\blessing_of_the_pure.png
blessing_of_the_righteous,assets\cards\blessing_of_the_righteous.png
blessing_of_the_templar,assets\cards\blessing_of_the_templar.png
blessing_of_trials,assets\cards\blessing_of_trials.png
blessing_of_vigilance,assets\cards\blessing_of_vigilance.png
blessing_of_virtue,assets\cards\blessing_of_virtue.png
blessing_of_wisdom,assets\cards\blessing_of_wisdom.png
blight_bringers,assets\cards\blight_bringers.png
blind,assets\cards\blind.png
blind_faith,assets\cards\blind_faith.png
blind_rage,assets\cards\blind_rage.png
blinding_word,assets\cards\blinding_word.png
bling,assets\cards\bling.png
blink,assets\cards\blink.png
blinky,assets\cards\blinky.png
blistering_fire,assets\cards\blistering_fire.png
blitz,assets\cards\blitz.png
blizzard,assets\cards\blizzard.png
bloat_the_bubble_fish,assets\cards\bloat_the_bubble_fish.png
blood_and_thunder,assets\cards\blood_and_thunder.png
blood_chill,assets\cards\blood_chill.png
blood_frenzy,assets\cards\blood_frenzy.png
blood_fury,assets\cards\blood_fury.png
blood_guard_gulmok,assets\cards\blood_guard_gulmok.png
blood_guard_malwani,assets\cards\blood_guard_malwani.png
blood_in_the_water,assets\cards\blood_in_the_water.png
blood_knight_adrenna,assets\cards\blood_knight_adrenna.png
blood_knight_haeleth,assets\cards\blood_knight_haeleth.png
blood_knight_kyria,assets\cards\blood_knight_kyria.png
blood_knight_lynesta,assets\cards\blood_knight_lynesta.png
blood_knight_tarae,assets\cards\blood_knight_tarae.png
blood_lord_vorath,assets\cards\blood_lord_vorath.png
blood_parasite,assets\cards\blood_parasite.png
blood_plague,assets\cards\blood_plague.png
blood_rune,assets\cards\blood_rune.png
bloodbanes_fall,assets\cards\bloodbanes_fall.png
bloodbath,assets\cards\bloodbath.png
bloodblade,assets\cards\bloodblade.png
bloodclaw,assets\cards\bloodclaw.png
bloodeye,assets\cards\bloodeye.png
bloodfang_berserker,assets\cards\bloodfang_berserker.png
bloodfang_hood,assets\cards\bloodfang_hood.png
bloodfang_pants,assets\cards\bloodfang_pants.png
bloodfire_greatstaff,assets\cards\bloodfire_greatstaff.png
bloodied_arcanite_reaper,assets\cards\bloodied_arcanite_reaper.png
bloodlust,assets\cards\bloodlust.png
bloodlust_brooch,assets\cards\bloodlust_brooch.png
bloodmage_kaelthas,assets\cards\bloodmage_kaelthas.png
bloodrage,assets\cards\bloodrage.png
bloodsea_brigands_vest,assets\cards\bloodsea_brigands_vest.png
bloodseeker,assets\cards\bloodseeker.png
bloodskull_destroyer,assets\cards\bloodskull_destroyer.png
bloodsoul,assets\cards\bloodsoul.png
bloodstained_ravager_gauntlets,assets\cards\bloodstained_ravager_gauntlets.png
bloodsurge,assets\cards\bloodsurge.png
bloodsurge_kelthuzads_blade_of_agony,assets\cards\bloodsurge_kelthuzads_blade_of_agony.png
bloodthirsty_shout,assets\cards\bloodthirsty_shout.png
bloodtusk,assets\cards\bloodtusk.png
bloodwarders_rifle,assets\cards\bloodwarders_rifle.png
bloodwatcher_denissa,assets\cards\bloodwatcher_denissa.png
bloody_grip,assets\cards\bloody_grip.png
bloody_mary,assets\cards\bloody_mary.png
bloody_ritual,assets\cards\bloody_ritual.png
bloody_slaughter,assets\cards\bloody_slaughter.png
bloody_welcome,assets\cards\bloody_welcome.png
blue_diamond_witchwand,assets\cards\blue_diamond_witchwand.png
blue_suede_shoes,assets\cards\blue_suede_shoes.png
blueleaf_tubers,assets\cards\blueleaf_tubers.png
bluffstalker_honovi,assets\cards\bluffstalker_honovi.png
bluffwatchers,assets\cards\bluffwatchers.png
blurg_firekin,assets\cards\blurg_firekin.png
blustering_winds,assets\cards\blustering_winds.png
blythe_the_pyromaniac,assets\cards\blythe_the_pyromaniac.png
boarguts_the_impaler,assets\cards\boarguts_the_impaler.png
boat_to_booty_bay,assets\cards\boat_to_booty_bay.png
bobbler,assets\cards\bobbler.png
bog_spike,assets\cards\bog_spike.png
boggspine_knuckles,assets\cards\boggspine_knuckles.png
boja_arcanist_absolute,assets\cards\boja_arcanist_absolute.png
boki_earthgaze,assets\cards\boki_earthgaze.png
bolan_earthmend,assets\cards\bolan_earthmend.png
bolin_moonflare,assets\cards\bolin_moonflare.png
bolster,assets\cards\bolster.png
bolstering_our_defenses,assets\cards\bolstering_our_defenses.png
boltaar_shield_of_velen,assets\cards\boltaar_shield_of_velen.png
bolton,assets\cards\bolton.png
bolvar_highlord_of_fordragon_hold,assets\cards\bolvar_highlord_of_fordragon_hold.png
bombard,assets\cards\bombard.png
bone_shield,assets\cards\bone_shield.png
bonefist_gauntlets,assets\cards\bonefist_gauntlets.png
bonereavers_edge,assets\cards\bonereavers_edge.png
bones_of_transformation,assets\cards\bones_of_transformation.png
boneshanks,assets\cards\boneshanks.png
bonewall_simms,assets\cards\bonewall_simms.png
boomer,assets\cards\boomer.png
boon_of_light,assets\cards\boon_of_light.png
boots_of_quelthalas,assets\cards\boots_of_quelthalas.png
boots_of_speed,assets\cards\boots_of_speed.png
boots_of_the_renewed_flight,assets\cards\boots_of_the_renewed_flight.png
boots_of_the_resilient,assets\cards\boots_of_the_resilient.png
boots_of_the_whirling_mist,assets\cards\boots_of_the_whirling_mist.png
boots_of_utter_darkness,assets\cards\boots_of_utter_darkness.png
bor_breakfist,assets\cards\bor_breakfist.png
boraks_belt_of_bravery,assets\cards\boraks_belt_of_bravery.png
bordrak_barrelblast,assets\cards\bordrak_barrelblast.png
boris_brightbeard,assets\cards\boris_brightbeard.png
borlis_brode,assets\cards\borlis_brode.png
borrowed_time,assets\cards\borrowed_time.png
bottled_cunning,assets\cards\bottled_cunning.png
bottled_death,assets\cards\bottled_death.png
bottled_elements,assets\cards\bottled_elements.png
bottled_knowledge,assets\cards\bottled_knowledge.png
bottled_life,assets\cards\bottled_life.png
bottled_light,assets\cards\bottled_light.png
bottled_mind,assets\cards\bottled_mind.png
bottled_rage,assets\cards\bottled_rage.png
bottled_spite,assets\cards\bottled_spite.png
bottled_void,assets\cards\bottled_void.png
bottled_wild,assets\cards\bottled_wild.png
boum_headshot,assets\cards\boum_headshot.png
boum_the_bloodseeker,assets\cards\boum_the_bloodseeker.png
bound_inferno,assets\cards\bound_inferno.png
bound_rumbler,assets\cards\bound_rumbler.png
bound_torrent,assets\cards\bound_torrent.png
bound_vortex,assets\cards\bound_vortex.png
boundless_agony,assets\cards\boundless_agony.png
boundless_concentration,assets\cards\boundless_concentration.png
boundless_hellfire,assets\cards\boundless_hellfire.png
boundless_life,assets\cards\boundless_life.png
boundless_magic,assets\cards\boundless_magic.png
boundless_might,assets\cards\boundless_might.png
boundless_rage,assets\cards\boundless_rage.png
boundless_shadows,assets\cards\boundless_shadows.png
boundless_thievery,assets\cards\boundless_thievery.png
boundless_wild,assets\cards\boundless_wild.png
boundless_winter,assets\cards\boundless_winter.png
bounty_hunt,assets\cards\bounty_hunt.png
brace_or_mace,assets\cards\brace_or_mace.png
bracers_of_the_eclipse,assets\cards\bracers_of_the_eclipse.png
bracers_of_the_green_fortress,assets\cards\bracers_of_the_green_fortress.png
bradford_the_frozen,assets\cards\bradford_the_frozen.png
braeden_nightblade,assets\cards\braeden_nightblade.png
braeo_darkpaw,assets\cards\braeo_darkpaw.png
bragvi_stormstein,assets\cards\bragvi_stormstein.png
brahu_starsear,assets\cards\brahu_starsear.png
brain_freeze,assets\cards\brain_freeze.png
brain_hacker,assets\cards\brain_hacker.png
brain_lock,assets\cards\brain_lock.png
brainsplinter,assets\cards\brainsplinter.png
brainwash,assets\cards\brainwash.png
branch_of_nordrassil,assets\cards\branch_of_nordrassil.png
branu_wildbloom,assets\cards\branu_wildbloom.png
braxiss_the_sleeper,assets\cards\braxiss_the_sleeper.png
braxxis_staff_of_slumber,assets\cards\braxxis_staff_of_slumber.png
brazen_theft,assets\cards\brazen_theft.png
break_steel,assets\cards\break_steel.png
breaking_the_bonds,assets\cards\breaking_the_bonds.png
breanna_greenmother,assets\cards\breanna_greenmother.png
breastplate_of_the_queens_guard,assets\cards\breastplate_of_the_queens_guard.png
breastplate_of_undeath,assets\cards\breastplate_of_undeath.png
breath_of_the_elements,assets\cards\breath_of_the_elements.png
breathstone_infused_longbow,assets\cards\breathstone_infused_longbow.png
breen_toestubber,assets\cards\breen_toestubber.png
brel_blazebeard,assets\cards\brel_blazebeard.png
brelnor_mindbender,assets\cards\brelnor_mindbender.png
bretander_of_the_claw,assets\cards\bretander_of_the_claw.png
brigg,assets\cards\brigg.png
brighteye,assets\cards\brighteye.png
brimi_tinkerblade,assets\cards\brimi_tinkerblade.png
bristleblitz_striker,assets\cards\bristleblitz_striker.png
brittilize,assets\cards\brittilize.png
brittle_bones,assets\cards\brittle_bones.png
broan_charges_the_flight,assets\cards\broan_charges_the_flight.png
broderick_langforth,assets\cards\broderick_langforth.png
brodien,assets\cards\brodien.png
brogre,assets\cards\brogre.png
brok_bloodcaller,assets\cards\brok_bloodcaller.png
broll_bearmantle,assets\cards\broll_bearmantle.png
bromor_the_shadowblade,assets\cards\bromor_the_shadowblade.png
bronson_greatwhisker,assets\cards\bronson_greatwhisker.png
bronthea_the_resolute,assets\cards\bronthea_the_resolute.png
bronwyn_lightborn,assets\cards\bronwyn_lightborn.png
bronze_drake,assets\cards\bronze_drake.png
bronze_drakonid,assets\cards\bronze_drakonid.png
bronze_emissary,assets\cards\bronze_emissary.png
bronze_guardian,assets\cards\bronze_guardian.png
bronze_skyrazor,assets\cards\bronze_skyrazor.png
bronze_warden,assets\cards\bronze_warden.png
brood_mother,assets\cards\brood_mother.png
brother_against_brother,assets\cards\brother_against_brother.png
brother_keltan,assets\cards\brother_keltan.png
brother_rhone,assets\cards\brother_rhone.png
brothers_in_death,assets\cards\brothers_in_death.png
broxigar_the_red,assets\cards\broxigar_the_red.png
brulu_breaks_the_land,assets\cards\brulu_breaks_the_land.png
brutal_bear_form,assets\cards\brutal_bear_form.png
brutal_steel,assets\cards\brutal_steel.png
brutal_strike,assets\cards\brutal_strike.png
brutality_blade,assets\cards\brutality_blade.png
bubblegil,assets\cards\bubblegil.png
bubblesmash,assets\cards\bubblesmash.png
bubula_del_kissel,assets\cards\bubula_del_kissel.png
buldrug,assets\cards\buldrug.png
bulkas_wildhorn,assets\cards\bulkas_wildhorn.png
bully,assets\cards\bully.png
bulvai_of_the_watch,assets\cards\bulvai_of_the_watch.png
bulwark_of_the_amani_empire,assets\cards\bulwark_of_the_amani_empire.png
bulwark_of_the_ancient_kings,assets\cards\bulwark_of_the_ancient_kings.png
bulwark_of_the_primordial_mound,assets\cards\bulwark_of_the_primordial_mound.png
buma_sharpstride,assets\cards\buma_sharpstride.png
burdok_brewshot,assets\cards\burdok_brewshot.png
burgle,assets\cards\burgle.png
burly_bellow,assets\cards\burly_bellow.png
burly_berta,assets\cards\burly_berta.png
burn_away,assets\cards\burn_away.png
burning_rage,assets\cards\burning_rage.png
burning_winds,assets\cards\burning_winds.png
burom_bladeseer,assets\cards\burom_bladeseer.png
burst_of_knowledge,assets\cards\burst_of_knowledge.png
butcher,assets\cards\butcher.png
butchers_cleaver,assets\cards\butchers_cleaver.png
buying_time,assets\cards\buying_time.png
buzz,assets\cards\buzz.png
buzzer_blade,assets\cards\buzzer_blade.png
caddrick_von_styler,assets\cards\caddrick_von_styler.png
cadon_thundershade,assets\cards\cadon_thundershade.png
cadric_talworth,assets\cards\cadric_talworth.png
caelstrasz,assets\cards\caelstrasz.png
caera_sunforge,assets\cards\caera_sunforge.png
cairne_bloodhoof,assets\cards\cairne_bloodhoof.png
cairne_earthmothers_chosen,assets\cards\cairne_earthmothers_chosen.png
calamitys_grasp,assets\cards\calamitys_grasp.png
caleb_pavish,assets\cards\caleb_pavish.png
call_of_cthun,assets\cards\call_of_cthun.png
call_of_lightning,assets\cards\call_of_lightning.png
call_of_the_grove,assets\cards\call_of_the_grove.png
call_of_the_wild,assets\cards\call_of_the_wild.png
call_of_yogg_saron,assets\cards\call_of_yogg_saron.png
call_the_spirit,assets\cards\call_the_spirit.png
call_the_void,assets\cards\call_the_void.png
call_to_arms_alterac_valley,assets\cards\call_to_arms_alterac_valley.png
call_to_arms_arathi_basin,assets\cards\call_to_arms_arathi_basin.png
call_to_arms_eye_of_the_storm,assets\cards\call_to_arms_eye_of_the_storm.png
call_to_arms_warsong_gulch,assets\cards\call_to_arms_warsong_gulch.png
cameo_of_terrible_memories,assets\cards\cameo_of_terrible_memories.png
camoflage,assets\cards\camoflage.png
canissa_the_shadow,assets\cards\canissa_the_shadow.png
cannibalize,assets\cards\cannibalize.png
capital_city_lordaeron,assets\cards\capital_city_lordaeron.png
captain_cookie,assets\cards\captain_cookie.png
captain_swash,assets\cards\captain_swash.png
capture_a_mine,assets\cards\capture_a_mine.png
caretaker_devonar,assets\cards\caretaker_devonar.png
caretaker_heartwing,assets\cards\caretaker_heartwing.png
caretaker_mooncrier,assets\cards\caretaker_mooncrier.png
carnage,assets\cards\carnage.png
castigate,assets\cards\castigate.png
cat_form,assets\cards\cat_form.png
cataclysms_edge,assets\cards\cataclysms_edge.png
catarina_clark,assets\cards\catarina_clark.png
caught_off_guard,assets\cards\caught_off_guard.png
cedric_darwin,assets\cards\cedric_darwin.png
celadon_pendant,assets\cards\celadon_pendant.png
celee_cogfreeze,assets\cards\celee_cogfreeze.png
celerity,assets\cards\celerity.png
celestial_communion,assets\cards\celestial_communion.png
celestial_moonfire,assets\cards\celestial_moonfire.png
celestial_shard,assets\cards\celestial_shard.png
cenarius_lord_of_the_forest,assets\cards\cenarius_lord_of_the_forest.png
censure,assets\cards\censure.png
center_of_attention,assets\cards\center_of_attention.png
centurion_addisyn,assets\cards\centurion_addisyn.png
ceraka,assets\cards\ceraka.png
cerith_spire_staff,assets\cards\cerith_spire_staff.png
cerrik_blooddawn,assets\cards\cerrik_blooddawn.png
cerripha_sunstreak,assets\cards\cerripha_sunstreak.png
cerwyn,assets\cards\cerwyn.png
chaigon_steelsight,assets\cards\chaigon_steelsight.png
chain_heal,assets\cards\chain_heal.png
chain_lightning,assets\cards\chain_lightning.png
chain_of_the_scarlet_crusade,assets\cards\chain_of_the_scarlet_crusade.png
chain_purge,assets\cards\chain_purge.png
chains_of_ice,assets\cards\chains_of_ice.png
chakra,assets\cards\chakra.png
chalice_of_the_mountain_kings,assets\cards\chalice_of_the_mountain_kings.png
challenge_to_the_black_flight,assets\cards\challenge_to_the_black_flight.png
challenging_shout,assets\cards\challenging_shout.png
champion_of_life,assets\cards\champion_of_life.png
champion_of_time,assets\cards\champion_of_time.png
champion_stance,assets\cards\champion_stance.png
champion_zosimuus,assets\cards\champion_zosimuus.png
champions_deathdealer_breastplate,assets\cards\champions_deathdealer_breastplate.png
champions_shout,assets\cards\champions_shout.png
chancellor_velora,assets\cards\chancellor_velora.png
chandra_marlight,assets\cards\chandra_marlight.png
chaos_bolt,assets\cards\chaos_bolt.png
char,assets\cards\char.png
charge,assets\cards\charge.png
charger,assets\cards\charger.png
charkov,assets\cards\charkov.png
charles_worth,assets\cards\charles_worth.png
charmed_ancient_bone_bow,assets\cards\charmed_ancient_bone_bow.png
chasing_a_me_01,assets\cards\chasing_a_me_01.png
chasten,assets\cards\chasten.png
chastise,assets\cards\chastise.png
chatoic_rush,assets\cards\chatoic_rush.png
cheat_death,assets\cards\cheat_death.png
chelleys_staff_of_dark_mending,assets\cards\chelleys_staff_of_dark_mending.png
chen_stormstout,assets\cards\chen_stormstout.png
chew_toy,assets\cards\chew_toy.png
chief_apothecary_hildagard,assets\cards\chief_apothecary_hildagard.png
chief_researcher_amereldine,assets\cards\chief_researcher_amereldine.png
chief_researcher_kartos,assets\cards\chief_researcher_kartos.png
child_of_agamaggan,assets\cards\child_of_agamaggan.png
child_of_aviana,assets\cards\child_of_aviana.png
child_of_goldrinn,assets\cards\child_of_goldrinn.png
child_of_tortolla,assets\cards\child_of_tortolla.png
child_of_ursoc,assets\cards\child_of_ursoc.png
child_of_ursol,assets\cards\child_of_ursol.png
chill,assets\cards\chill.png
chillhands_spigotgulp,assets\cards\chillhands_spigotgulp.png
chilly_slobberknocker,assets\cards\chilly_slobberknocker.png
chimera_shot,assets\cards\chimera_shot.png
chipper_ironbane,assets\cards\chipper_ironbane.png
chloe_mithrilbolt,assets\cards\chloe_mithrilbolt.png
chogall,assets\cards\chogall.png
choker_of_fluid_thought,assets\cards\choker_of_fluid_thought.png
choker_of_serrated_blades,assets\cards\choker_of_serrated_blades.png
choker_of_vile_intent,assets\cards\choker_of_vile_intent.png
cholda_wildbloom,assets\cards\cholda_wildbloom.png
chompers,assets\cards\chompers.png
chops,assets\cards\chops.png
chora_cloudspeaker,assets\cards\chora_cloudspeaker.png
christopher_the_devout,assets\cards\christopher_the_devout.png
chromatic_cloak,assets\cards\chromatic_cloak.png
chromie,assets\cards\chromie.png
chumly,assets\cards\chumly.png
cincture_of_polarity,assets\cards\cincture_of_polarity.png
cinder,assets\cards\cinder.png
circle_of_healing,assets\cards\circle_of_healing.png
circle_of_life,assets\cards\circle_of_life.png
circlet_of_nobility,assets\cards\circlet_of_nobility.png
citadel_enforcers_claymore,assets\cards\citadel_enforcers_claymore.png
claemora_amberglare,assets\cards\claemora_amberglare.png
clamps,assets\cards\clamps.png
clara_graves,assets\cards\clara_graves.png
clarity_of_thought,assets\cards\clarity_of_thought.png
claw,assets\cards\claw.png
claws_of_attack,assets\cards\claws_of_attack.png
claws_of_the_dead,assets\cards\claws_of_the_dead.png
claws_of_torment,assets\cards\claws_of_torment.png
cleaning_house,assets\cards\cleaning_house.png
cleanse,assets\cards\cleanse.png
cleanse_spirit,assets\cards\cleanse_spirit.png
cleansing_witch_hill,assets\cards\cleansing_witch_hill.png
cleave,assets\cards\cleave.png
clinging_curse,assets\cards\clinging_curse.png
cloak_of_darkness,assets\cards\cloak_of_darkness.png
cloak_of_flames,assets\cards\cloak_of_flames.png
cloak_of_shadows,assets\cards\cloak_of_shadows.png
cloak_of_subjugated_power,assets\cards\cloak_of_subjugated_power.png
cloak_of_the_pit_stalker,assets\cards\cloak_of_the_pit_stalker.png
cloak_of_the_shadowed_sun,assets\cards\cloak_of_the_shadowed_sun.png
cloak_of_the_shrouded_mists,assets\cards\cloak_of_the_shrouded_mists.png
clockwork_gnome,assets\cards\clockwork_gnome.png
close_quarters_combat,assets\cards\close_quarters_combat.png
cloudburst,assets\cards\cloudburst.png
clutch_shot,assets\cards\clutch_shot.png
coated_blades,assets\cards\coated_blades.png
cobra_shot,assets\cards\cobra_shot.png
cobra_sting,assets\cards\cobra_sting.png
cobrascale_hood,assets\cards\cobrascale_hood.png
coif_of_the_wicked,assets\cards\coif_of_the_wicked.png
coilfang_myrmidon,assets\cards\coilfang_myrmidon.png
cold_blood,assets\cards\cold_blood.png
cold_bones,assets\cards\cold_bones.png
cold_forged_hammer,assets\cards\cold_forged_hammer.png
cold_front,assets\cards\cold_front.png
cold_hearted,assets\cards\cold_hearted.png
cold_snap,assets\cards\cold_snap.png
collateral_damage,assets\cards\collateral_damage.png
collidus_the_warp_watcher,assets\cards\collidus_the_warp_watcher.png
colossal_skull_clad_cleaver,assets\cards\colossal_skull_clad_cleaver.png
colossal_totem,assets\cards\colossal_totem.png
colossus_smash,assets\cards\colossus_smash.png
combat_stance,assets\cards\combat_stance.png
combustion,assets\cards\combustion.png
command_decision,assets\cards\command_decision.png
command_of_undeath,assets\cards\command_of_undeath.png
commander_falstaav,assets\cards\commander_falstaav.png
commander_michael_goodchilde,assets\cards\commander_michael_goodchilde.png
commander_molotov,assets\cards\commander_molotov.png
commander_ulthok,assets\cards\commander_ulthok.png
commanding_shout,assets\cards\commanding_shout.png
concentration_aura,assets\cards\concentration_aura.png
concerted_efforts,assets\cards\concerted_efforts.png
concussion_blow,assets\cards\concussion_blow.png
concussive_barrage,assets\cards\concussive_barrage.png
condemn,assets\cards\condemn.png
cone_of_cold,assets\cards\cone_of_cold.png
confessor_mildred,assets\cards\confessor_mildred.png
conflagration_trap,assets\cards\conflagration_trap.png
conjure_elementals,assets\cards\conjure_elementals.png
conjured_cinnamon_roll,assets\cards\conjured_cinnamon_roll.png
conjured_sparkling_water,assets\cards\conjured_sparkling_water.png
conquering_shout,assets\cards\conquering_shout.png
conqueror_edge,assets\cards\conqueror_edge.png
conqueror_gurzom,assets\cards\conqueror_gurzom.png
conqueror_hashkon,assets\cards\conqueror_hashkon.png
conqueror_jarano,assets\cards\conqueror_jarano.png
conqueror_nairi,assets\cards\conqueror_nairi.png
conqueror_neusuada,assets\cards\conqueror_neusuada.png
conqueror_tristos,assets\cards\conqueror_tristos.png
conqueror_vunjin,assets\cards\conqueror_vunjin.png
conqueror_yunzon,assets\cards\conqueror_yunzon.png
conqueror_zaala,assets\cards\conqueror_zaala.png
consecration,assets\cards\consecration.png
consul_rhys_lorgrand,assets\cards\consul_rhys_lorgrand.png
contagious_poison,assets\cards\contagious_poison.png
continuum_blade,assets\cards\continuum_blade.png
convalescence,assets\cards\convalescence.png
conversing_with_the_depths,assets\cards\conversing_with_the_depths.png
convert,assets\cards\convert.png
convocation,assets\cards\convocation.png
cookie_mcweaksauce,assets\cards\cookie_mcweaksauce.png
cookies_stirring_rod,assets\cards\cookies_stirring_rod.png
cookies_tenderizer,assets\cards\cookies_tenderizer.png
coordinated_attack,assets\cards\coordinated_attack.png
core_hound_tooth,assets\cards\core_hound_tooth.png
core_of_ripeness,assets\cards\core_of_ripeness.png
corin_stallnorth,assets\cards\corin_stallnorth.png
corkis_ransom,assets\cards\corkis_ransom.png
corpse_explosion,assets\cards\corpse_explosion.png
corpse_run,assets\cards\corpse_run.png
corrosion_prevention,assets\cards\corrosion_prevention.png
corrupted_ashbringer,assets\cards\corrupted_ashbringer.png
corrupted_egg_shell,assets\cards\corrupted_egg_shell.png
corrupted_furbolg,assets\cards\corrupted_furbolg.png
corrupted_hippogryph,assets\cards\corrupted_hippogryph.png
corruption,assets\cards\corruption.png
corruption_of_earth_and_seed,assets\cards\corruption_of_earth_and_seed.png
corruption_of_the_ages,assets\cards\corruption_of_the_ages.png
corruptor_mimi_whippleshade,assets\cards\corruptor_mimi_whippleshade.png
corvus_promaethon,assets\cards\corvus_promaethon.png
council_of_three_hammers,assets\cards\council_of_three_hammers.png
counterattack,assets\cards\counterattack.png
counterspell,assets\cards\counterspell.png
counting_out_time,assets\cards\counting_out_time.png
coup_de_grace,assets\cards\coup_de_grace.png
courage,assets\cards\courage.png
courageous_defense,assets\cards\courageous_defense.png
cover_of_silence,assets\cards\cover_of_silence.png
cover_of_the_light,assets\cards\cover_of_the_light.png
cower,assets\cards\cower.png
cowering_shout,assets\cards\cowering_shout.png
cowl_of_dying_light,assets\cards\cowl_of_dying_light.png
cowl_of_the_guiltless,assets\cards\cowl_of_the_guiltless.png
crabbyfin,assets\cards\crabbyfin.png
cracklehands_spigotgulp,assets\cards\cracklehands_spigotgulp.png
crackling_purge,assets\cards\crackling_purge.png
crackling_staff,assets\cards\crackling_staff.png
crankston_deathspark,assets\cards\crankston_deathspark.png
crawling_claw,assets\cards\crawling_claw.png
crazy_igvand,assets\cards\crazy_igvand.png
creeping_shadow,assets\cards\creeping_shadow.png
cremate,assets\cards\cremate.png
crescent_wand,assets\cards\crescent_wand.png
crime_scene_alarm_o_bot,assets\cards\crime_scene_alarm_o_bot.png
crimson_cranium_crusher,assets\cards\crimson_cranium_crusher.png
crimson_felt_hat,assets\cards\crimson_felt_hat.png
crimson_guard,assets\cards\crimson_guard.png
crimson_shocker,assets\cards\crimson_shocker.png
crippling_poison,assets\cards\crippling_poison.png
crippling_shot,assets\cards\crippling_shot.png
crippling_strike,assets\cards\crippling_strike.png
critical_mass,assets\cards\critical_mass.png
cromarius_blackfist,assets\cards\cromarius_blackfist.png
crown_of_destruction,assets\cards\crown_of_destruction.png
crown_of_the_chelonian_freedom,assets\cards\crown_of_the_chelonian_freedom.png
crown_of_the_earth,assets\cards\crown_of_the_earth.png
crown_of_the_ogre_king,assets\cards\crown_of_the_ogre_king.png
cruelty,assets\cards\cruelty.png
crulkorak_the_lightnings_arc,assets\cards\crulkorak_the_lightnings_arc.png
crusade,assets\cards\crusade.png
crusade_commander_entari,assets\cards\crusade_commander_entari.png
crusade_engineer_spitzpatrick,assets\cards\crusade_engineer_spitzpatrick.png
crusade_of_kings,assets\cards\crusade_of_kings.png
crusader_farisa,assets\cards\crusader_farisa.png
crusader_lord_dalfors,assets\cards\crusader_lord_dalfors.png
crusader_michael_goodchilde,assets\cards\crusader_michael_goodchilde.png
crusader_strike,assets\cards\crusader_strike.png
crusaders_armament,assets\cards\crusaders_armament.png
crusaders_might,assets\cards\crusaders_might.png
crusaders_sweep,assets\cards\crusaders_sweep.png
crush_soul,assets\cards\crush_soul.png
crusher_of_bonds,assets\cards\crusher_of_bonds.png
crushing_blow,assets\cards\crushing_blow.png
crushing_death,assets\cards\crushing_death.png
crushing_strike,assets\cards\crushing_strike.png
crusty,assets\cards\crusty.png
crypt_fiend,assets\cards\crypt_fiend.png
cryptfiends_bite,assets\cards\cryptfiends_bite.png
crystalfire_staff,assets\cards\crystalfire_staff.png
crystalheart_pulse_staff,assets\cards\crystalheart_pulse_staff.png
crystalline_brimstone_ring,assets\cards\crystalline_brimstone_ring.png
crystals_of_power,assets\cards\crystals_of_power.png
cuffs_of_devastation,assets\cards\cuffs_of_devastation.png
cul_rendhoof,assets\cards\cul_rendhoof.png
cull_the_weak,assets\cards\cull_the_weak.png
culling_the_damned,assets\cards\culling_the_damned.png
cult_master_kelthuzad,assets\cards\cult_master_kelthuzad.png
cunning_crypt_fiend,assets\cards\cunning_crypt_fiend.png
curse_from_beyond,assets\cards\curse_from_beyond.png
curse_of_agony,assets\cards\curse_of_agony.png
curse_of_contagion,assets\cards\curse_of_contagion.png
curse_of_doom,assets\cards\curse_of_doom.png
curse_of_endless_suffering,assets\cards\curse_of_endless_suffering.png
curse_of_exhaustion,assets\cards\curse_of_exhaustion.png
curse_of_fatigue,assets\cards\curse_of_fatigue.png
curse_of_frenzy,assets\cards\curse_of_frenzy.png
curse_of_midnight,assets\cards\curse_of_midnight.png
curse_of_the_elements,assets\cards\curse_of_the_elements.png
curse_of_the_fel,assets\cards\curse_of_the_fel.png
curse_of_the_void,assets\cards\curse_of_the_void.png
curse_of_tongues,assets\cards\curse_of_tongues.png
curse_of_weakness,assets\cards\curse_of_weakness.png
cursed_vision_of_sargeras,assets\cards\cursed_vision_of_sargeras.png
cut_to_the_chase,assets\cards\cut_to_the_chase.png
cycle_of_life,assets\cards\cycle_of_life.png
cyclone,assets\cards\cyclone.png
cymbre_shadowdrifter,assets\cards\cymbre_shadowdrifter.png
cynthia_masters,assets\cards\cynthia_masters.png
daedak_the_graveborne,assets\cards\daedak_the_graveborne.png
dagax_the_butcher,assets\cards\dagax_the_butcher.png
dagger_of_betrayal,assets\cards\dagger_of_betrayal.png
daggum_tygor,assets\cards\daggum_tygor.png
dagin_bootzap,assets\cards\dagin_bootzap.png
dakota,assets\cards\dakota.png
dalronn_the_controller,assets\cards\dalronn_the_controller.png
damnation,assets\cards\damnation.png
dampen_magic,assets\cards\dampen_magic.png
danath_trollbane,assets\cards\danath_trollbane.png
dancing_rune_weapon,assets\cards\dancing_rune_weapon.png
daniel_darkheart,assets\cards\daniel_darkheart.png
daniel_soortan,assets\cards\daniel_soortan.png
dannon_spellsurge,assets\cards\dannon_spellsurge.png
danyssa_stillheart,assets\cards\danyssa_stillheart.png
dar_the_beastmaster,assets\cards\dar_the_beastmaster.png
daralis_the_sanctifier,assets\cards\daralis_the_sanctifier.png
darbun_steppeheart,assets\cards\darbun_steppeheart.png
dark_archon_farrum,assets\cards\dark_archon_farrum.png
dark_cleric_ismantal,assets\cards\dark_cleric_ismantal.png
dark_cleric_jocasta,assets\cards\dark_cleric_jocasta.png
dark_command,assets\cards\dark_command.png
dark_deliverance,assets\cards\dark_deliverance.png
dark_dissolution,assets\cards\dark_dissolution.png
dark_embrace,assets\cards\dark_embrace.png
dark_extortion,assets\cards\dark_extortion.png
dark_horizon,assets\cards\dark_horizon.png
dark_intent,assets\cards\dark_intent.png
dark_justice,assets\cards\dark_justice.png
dark_lady_sylvanas_windrunner,assets\cards\dark_lady_sylvanas_windrunner.png
dark_pact,assets\cards\dark_pact.png
dark_penance,assets\cards\dark_penance.png
dark_pharaoh_tekahn,assets\cards\dark_pharaoh_tekahn.png
dark_portal_hearthstone,assets\cards\dark_portal_hearthstone.png
dark_simulacrum,assets\cards\dark_simulacrum.png
dark_transformation,assets\cards\dark_transformation.png
darkest_before_the_light,assets\cards\darkest_before_the_light.png
darkflame,assets\cards\darkflame.png
darkflame_dreadlord,assets\cards\darkflame_dreadlord.png
darklight_torch,assets\cards\darklight_torch.png
darkmoon_card_hurricane,assets\cards\darkmoon_card_hurricane.png
darkmoon_card_volcano,assets\cards\darkmoon_card_volcano.png
darknarr,assets\cards\darknarr.png
darkness,assets\cards\darkness.png
darksatlker_soran,assets\cards\darksatlker_soran.png
darkshire_deathsworn,assets\cards\darkshire_deathsworn.png
darkturak,assets\cards\darkturak.png
darktwister_kern,assets\cards\darktwister_kern.png
darkwater_crocolisk,assets\cards\darkwater_crocolisk.png
darlon_blacksoul,assets\cards\darlon_blacksoul.png
darnassus,assets\cards\darnassus.png
darnassus_mooncaller,assets\cards\darnassus_mooncaller.png
darnassus_sentinels,assets\cards\darnassus_sentinels.png
darnassus_shadowblade,assets\cards\darnassus_shadowblade.png
darnassus_tabard,assets\cards\darnassus_tabard.png
darnassus_warrior,assets\cards\darnassus_warrior.png
darok_steelstrike,assets\cards\darok_steelstrike.png
daroka_venomfist,assets\cards\daroka_venomfist.png
darris_leafshade,assets\cards\darris_leafshade.png
darthael_the_bloodsworn,assets\cards\darthael_the_bloodsworn.png
darynus,assets\cards\darynus.png
dashel_stonefist,assets\cards\dashel_stonefist.png
daspien_bladedancer,assets\cards\daspien_bladedancer.png
dastrin_bowman,assets\cards\dastrin_bowman.png
dathrohans_ceremonial_hammer,assets\cards\dathrohans_ceremonial_hammer.png
dauntless_defender,assets\cards\dauntless_defender.png
david_smythe,assets\cards\david_smythe.png
davius_herald_of_nature,assets\cards\davius_herald_of_nature.png
dawn_ravensdale,assets\cards\dawn_ravensdale.png
dawnblaze_blade,assets\cards\dawnblaze_blade.png
dawnhoof_brightcaller,assets\cards\dawnhoof_brightcaller.png
dawns_grace,assets\cards\dawns_grace.png
dawnstrider_sunward,assets\cards\dawnstrider_sunward.png
dayna_cousin_to_sun,assets\cards\dayna_cousin_to_sun.png
daze,assets\cards\daze.png
deacon_johanna,assets\cards\deacon_johanna.png
deacon_markus_hallow,assets\cards\deacon_markus_hallow.png
dead_weight,assets\cards\dead_weight.png
deadliness,assets\cards\deadliness.png
deadly_brew,assets\cards\deadly_brew.png
deadly_poison,assets\cards\deadly_poison.png
deadly_throw,assets\cards\deadly_throw.png
deadmans_hand,assets\cards\deadmans_hand.png
deafening_shout,assets\cards\deafening_shout.png
death_and_decay,assets\cards\death_and_decay.png
death_coil,assets\cards\death_coil.png
death_gate,assets\cards\death_gate.png
death_pact,assets\cards\death_pact.png
death_shock,assets\cards\death_shock.png
death_strike,assets\cards\death_strike.png
death_to_the_traitor_king,assets\cards\death_to_the_traitor_king.png
death_trap,assets\cards\death_trap.png
death_wish,assets\cards\death_wish.png
deathblow,assets\cards\deathblow.png
deathbringer,assets\cards\deathbringer.png
deathbringer_korush,assets\cards\deathbringer_korush.png
deathbringers_will,assets\cards\deathbringers_will.png
deathcharger,assets\cards\deathcharger.png
deathchill_cloak,assets\cards\deathchill_cloak.png
deathdealer_breastplate,assets\cards\deathdealer_breastplate.png
deatheater_stroud,assets\cards\deatheater_stroud.png
deathgrip_jones,assets\cards\deathgrip_jones.png
deathguard_ashleigh,assets\cards\deathguard_ashleigh.png
deathlord_jones,assets\cards\deathlord_jones.png
deaths_decree,assets\cards\deaths_decree.png
deaths_duo,assets\cards\deaths_duo.png
deaths_gaze,assets\cards\deaths_gaze.png
deathseer_zukraj,assets\cards\deathseer_zukraj.png
deathsmasher_mogdar,assets\cards\deathsmasher_mogdar.png
deathstalker_commander_belmont,assets\cards\deathstalker_commander_belmont.png
deathstalker_leanna,assets\cards\deathstalker_leanna.png
deathwing_the_destroyer,assets\cards\deathwing_the_destroyer.png
debilitating_shout,assets\cards\debilitating_shout.png
debros_cousin_to_moon,assets\cards\debros_cousin_to_moon.png
decimate,assets\cards\decimate.png
decisive_strike,assets\cards\decisive_strike.png
deep_earth_mantle,assets\cards\deep_earth_mantle.png
deep_freeze,assets\cards\deep_freeze.png
deep_sea_salvage,assets\cards\deep_sea_salvage.png
deep_subjugator,assets\cards\deep_subjugator.png
deepholm,assets\cards\deepholm.png
defender_kaniya,assets\cards\defender_kaniya.png
defender_nagalaas,assets\cards\defender_nagalaas.png
defenders_vigil,assets\cards\defenders_vigil.png
defending_the_rift,assets\cards\defending_the_rift.png
defensive_breach,assets\cards\defensive_breach.png
defensive_stance,assets\cards\defensive_stance.png
defiance,assets\cards\defiance.png
defias_brotherhood_vest,assets\cards\defias_brotherhood_vest.png
defiling_the_defilers,assets\cards\defiling_the_defilers.png
deflecting_brimstone_band,assets\cards\deflecting_brimstone_band.png
defusing_the_threat,assets\cards\defusing_the_threat.png
deliberate_heal,assets\cards\deliberate_heal.png
deliberate_vengeance,assets\cards\deliberate_vengeance.png
delinar_silvershot,assets\cards\delinar_silvershot.png
delrach_the_vile,assets\cards\delrach_the_vile.png
delusions_of_grandeur,assets\cards\delusions_of_grandeur.png
dementia,assets\cards\dementia.png
demolish,assets\cards\demolish.png
demon_armor,assets\cards\demon_armor.png
demon_hide_spaulders,assets\cards\demon_hide_spaulders.png
demon_hunters_aspect,assets\cards\demon_hunters_aspect.png
demonblood_eviscerator,assets\cards\demonblood_eviscerator.png
demonfang_ritual_helm,assets\cards\demonfang_ritual_helm.png
demonic_accord,assets\cards\demonic_accord.png
demonic_contamination,assets\cards\demonic_contamination.png
demonic_corruption,assets\cards\demonic_corruption.png
demonic_infusion,assets\cards\demonic_infusion.png
demonic_knowledge,assets\cards\demonic_knowledge.png
demonic_pact,assets\cards\demonic_pact.png
demonic_rebirth,assets\cards\demonic_rebirth.png
demonic_reclamation,assets\cards\demonic_reclamation.png
demonic_soulstone,assets\cards\demonic_soulstone.png
demonic_torrent,assets\cards\demonic_torrent.png
demonslayer,assets\cards\demonslayer.png
demoralizing_roar,assets\cards\demoralizing_roar.png
demoralizing_shout,assets\cards\demoralizing_shout.png
demoralizing_strike,assets\cards\demoralizing_strike.png
deragor_the_earthsworn,assets\cards\deragor_the_earthsworn.png
desecrator_stormclaw,assets\cards\desecrator_stormclaw.png
despair,assets\cards\despair.png
despair_of_undeath,assets\cards\despair_of_undeath.png
despair_of_winter,assets\cards\despair_of_winter.png
desperate_block,assets\cards\desperate_block.png
desperate_condemnation,assets\cards\desperate_condemnation.png
desperate_plea,assets\cards\desperate_plea.png
destiny,assets\cards\destiny.png
destructive_disarm,assets\cards\destructive_disarm.png
detect_prey,assets\cards\detect_prey.png
detect_traps,assets\cards\detect_traps.png
dethvir_the_malignant,assets\cards\dethvir_the_malignant.png
detonate_soul,assets\cards\detonate_soul.png
deuce,assets\cards\deuce.png
devastate,assets\cards\devastate.png
devastation,assets\cards\devastation.png
devil_stitched_leggings,assets\cards\devil_stitched_leggings.png
devilsaur_leggings,assets\cards\devilsaur_leggings.png
devious_dismantle,assets\cards\devious_dismantle.png
devona_berkshire,assets\cards\devona_berkshire.png
devotion_aura,assets\cards\devotion_aura.png
devoured,assets\cards\devoured.png
devouring_plague,assets\cards\devouring_plague.png
devout_aurastone_hammer,assets\cards\devout_aurastone_hammer.png
dhoros_ravestrike,assets\cards\dhoros_ravestrike.png
diane_cannings,assets\cards\diane_cannings.png
dignified_headmasters_charge,assets\cards\dignified_headmasters_charge.png
dimzer_the_prestidigitator,assets\cards\dimzer_the_prestidigitator.png
diplomacy,assets\cards\diplomacy.png
dire_bear_form,assets\cards\dire_bear_form.png
dirks_command,assets\cards\dirks_command.png
dirty_distraction,assets\cards\dirty_distraction.png
dirty_work,assets\cards\dirty_work.png
disappear,assets\cards\disappear.png
disarm,assets\cards\disarm.png
disarm_trap,assets\cards\disarm_trap.png
disassemble,assets\cards\disassemble.png
discerning_eye_of_the_beast,assets\cards\discerning_eye_of_the_beast.png
disciple_of_the_light,assets\cards\disciple_of_the_light.png
disco_inferno,assets\cards\disco_inferno.png
disengage,assets\cards\disengage.png
dismantle,assets\cards\dismantle.png
disorienting_blow,assets\cards\disorienting_blow.png
dispel_magic,assets\cards\dispel_magic.png
disperse_magic,assets\cards\disperse_magic.png
dispersion,assets\cards\dispersion.png
distract,assets\cards\distract.png
distraction_technique,assets\cards\distraction_technique.png
distrupting_shot,assets\cards\distrupting_shot.png
diversion,assets\cards\diversion.png
divert,assets\cards\divert.png
divine_bulwark,assets\cards\divine_bulwark.png
divine_cleansing,assets\cards\divine_cleansing.png
divine_favor,assets\cards\divine_favor.png
divine_fury,assets\cards\divine_fury.png
divine_hymn,assets\cards\divine_hymn.png
divine_illumination,assets\cards\divine_illumination.png
divine_justice,assets\cards\divine_justice.png
divine_plea,assets\cards\divine_plea.png
divine_redemption,assets\cards\divine_redemption.png
divine_riposte,assets\cards\divine_riposte.png
divine_shield,assets\cards\divine_shield.png
divine_spirit,assets\cards\divine_spirit.png
divine_storm,assets\cards\divine_storm.png
divinity,assets\cards\divinity.png
divino_matic_rod,assets\cards\divino_matic_rod.png
dizdemona,assets\cards\dizdemona.png
documenting_the_timeways,assets\cards\documenting_the_timeways.png
dodge,assets\cards\dodge.png
dog_whistle,assets\cards\dog_whistle.png
dohna_darksky,assets\cards\dohna_darksky.png
dominate,assets\cards\dominate.png
dominic_kandor,assets\cards\dominic_kandor.png
domona_the_ever_watchful,assets\cards\domona_the_ever_watchful.png
don_alejandros_money_belt,assets\cards\don_alejandros_money_belt.png
don_carlos_famous_hat,assets\cards\don_carlos_famous_hat.png
donatello,assets\cards\donatello.png
donna_calister,assets\cards\donna_calister.png
doom,assets\cards\doom.png
doom_commander_zaakuul,assets\cards\doom_commander_zaakuul.png
doom_lord_kazzak,assets\cards\doom_lord_kazzak.png
doomguard,assets\cards\doomguard.png
doomguard_invader,assets\cards\doomguard_invader.png
doomguard_soldier,assets\cards\doomguard_soldier.png
doomhammer,assets\cards\doomhammer.png
doomplate_chestguard,assets\cards\doomplate_chestguard.png
doomplate_legguards,assets\cards\doomplate_legguards.png
doomplate_shoulderguards,assets\cards\doomplate_shoulderguards.png
doomplate_warhelm,assets\cards\doomplate_warhelm.png
doomsayer_dinju,assets\cards\doomsayer_dinju.png
doomwalker,assets\cards\doomwalker.png
dorladris_spellfire,assets\cards\dorladris_spellfire.png
dorn_the_tranquil,assets\cards\dorn_the_tranquil.png
dorric_the_martyr,assets\cards\dorric_the_martyr.png
dorzok_shadowhand,assets\cards\dorzok_shadowhand.png
doshura_risestrider,assets\cards\doshura_risestrider.png
double_attack_handguards,assets\cards\double_attack_handguards.png
double_barrel,assets\cards\double_barrel.png
double_time,assets\cards\double_time.png
dousing_the_flames_of_protection,assets\cards\dousing_the_flames_of_protection.png
downfall_hammer,assets\cards\downfall_hammer.png
dr_boom,assets\cards\dr_boom.png
draconian_deflector,assets\cards\draconian_deflector.png
draconic_flames,assets\cards\draconic_flames.png
dradam_chillblade,assets\cards\dradam_chillblade.png
dragazal,assets\cards\dragazal.png
dragon_unchained,assets\cards\dragon_unchained.png
dragonflight_great_ring,assets\cards\dragonflight_great_ring.png
dragonheart_piercer,assets\cards\dragonheart_piercer.png
dragonkin_menace,assets\cards\dragonkin_menace.png
dragons_breath,assets\cards\dragons_breath.png
dragonslayer_drux,assets\cards\dragonslayer_drux.png
dragonslayers_signet,assets\cards\dragonslayers_signet.png
dragonstalkers_helm,assets\cards\dragonstalkers_helm.png
dragonstalkers_legguards,assets\cards\dragonstalkers_legguards.png
dragonwrath_tarecgosas_rest,assets\cards\dragonwrath_tarecgosas_rest.png
drain_essence,assets\cards\drain_essence.png
drain_mana,assets\cards\drain_mana.png
drain_soul,assets\cards\drain_soul.png
drain_will,assets\cards\drain_will.png
draining_poison,assets\cards\draining_poison.png
draka,assets\cards\draka.png
dralor,assets\cards\dralor.png
dramla_lifebender,assets\cards\dramla_lifebender.png
drandus_the_deathcaller,assets\cards\drandus_the_deathcaller.png
drax_felfuse,assets\cards\drax_felfuse.png
drazul_the_molten,assets\cards\drazul_the_molten.png
dread_doomguard,assets\cards\dread_doomguard.png
dread_infernal,assets\cards\dread_infernal.png
dread_pirate_ring,assets\cards\dread_pirate_ring.png
dread_touch,assets\cards\dread_touch.png
dreadhound,assets\cards\dreadhound.png
dreadsteed,assets\cards\dreadsteed.png
dreadsteed_of_xoroth,assets\cards\dreadsteed_of_xoroth.png
dreamstate,assets\cards\dreamstate.png
drekthar,assets\cards\drekthar.png
drekthar_frostwolf_general,assets\cards\drekthar_frostwolf_general.png
drillborer_disk,assets\cards\drillborer_disk.png
drizzie_steelslam,assets\cards\drizzie_steelslam.png
drogash,assets\cards\drogash.png
dromkor_timewalker_necrolyte,assets\cards\dromkor_timewalker_necrolyte.png
drotara_the_bloodpoint,assets\cards\drotara_the_bloodpoint.png
drugush_the_crusher,assets\cards\drugush_the_crusher.png
druid_and_priest_statue_set,assets\cards\druid_and_priest_statue_set.png
druid_of_the_talon,assets\cards\druid_of_the_talon.png
druid_training,assets\cards\druid_training.png
drusenna_the_vigilant,assets\cards\drusenna_the_vigilant.png
dryads_wrist_bindings,assets\cards\dryads_wrist_bindings.png
dual_wield,assets\cards\dual_wield.png
dulvar_hand_of_the_light,assets\cards\dulvar_hand_of_the_light.png
dundee,assets\cards\dundee.png
dungard_ironcutter,assets\cards\dungard_ironcutter.png
dunzarg,assets\cards\dunzarg.png
durae_crystalshield,assets\cards\durae_crystalshield.png
durdin_hammerhand,assets\cards\durdin_hammerhand.png
durga_gravestone,assets\cards\durga_gravestone.png
durgle_wizzledab,assets\cards\durgle_wizzledab.png
durgrin_ironedge,assets\cards\durgrin_ironedge.png
durnholde_tracking_hound,assets\cards\durnholde_tracking_hound.png
durotan,assets\cards\durotan.png
durotans_battle_harness,assets\cards\durotans_battle_harness.png
durotar_flamecaster,assets\cards\durotar_flamecaster.png
durotar_frostblade,assets\cards\durotar_frostblade.png
durzion_champion_of_adal,assets\cards\durzion_champion_of_adal.png
duty_bound,assets\cards\duty_bound.png
dwarf_demolitionist,assets\cards\dwarf_demolitionist.png
dwarven_hand_cannon,assets\cards\dwarven_hand_cannon.png
dying_curse,assets\cards\dying_curse.png
eadric_the_pure,assets\cards\eadric_the_pure.png
eagle_eye,assets\cards\eagle_eye.png
eagle_sight,assets\cards\eagle_sight.png
earth_and_moon,assets\cards\earth_and_moon.png
earth_and_sky,assets\cards\earth_and_sky.png
earth_elemental_totem,assets\cards\earth_elemental_totem.png
earth_mothers_blessing,assets\cards\earth_mothers_blessing.png
earth_shield,assets\cards\earth_shield.png
earth_shock,assets\cards\earth_shock.png
earthbind_totem,assets\cards\earthbind_totem.png
earthen_blast,assets\cards\earthen_blast.png
earthen_burst,assets\cards\earthen_burst.png
earthen_crusher,assets\cards\earthen_crusher.png
earthen_embrace,assets\cards\earthen_embrace.png
earthen_flurry,assets\cards\earthen_flurry.png
earthen_guidance,assets\cards\earthen_guidance.png
earthen_might,assets\cards\earthen_might.png
earthmender_vaaki,assets\cards\earthmender_vaaki.png
earthquake,assets\cards\earthquake.png
earthrend_weapon,assets\cards\earthrend_weapon.png
earths_bounty,assets\cards\earths_bounty.png
earthseer_dambrak,assets\cards\earthseer_dambrak.png
earthseer_nakza,assets\cards\earthseer_nakza.png
earthshaper_javuun,assets\cards\earthshaper_javuun.png
ebon_plague,assets\cards\ebon_plague.png
ebonweave_robe,assets\cards\ebonweave_robe.png
echo_of_baine,assets\cards\echo_of_baine.png
echo_of_jaina,assets\cards\echo_of_jaina.png
echo_of_the_elements,assets\cards\echo_of_the_elements.png
echo_totem,assets\cards\echo_totem.png
echoes_of_the_shifting_sands,assets\cards\echoes_of_the_shifting_sands.png
eclipse,assets\cards\eclipse.png
edge_of_oblivion,assets\cards\edge_of_oblivion.png
edgemasters_handguards,assets\cards\edgemasters_handguards.png
edward_hack_robinson,assets\cards\edward_hack_robinson.png
edward_the_odd,assets\cards\edward_the_odd.png
edwin_blademark,assets\cards\edwin_blademark.png
edwin_vancleef,assets\cards\edwin_vancleef.png
eel_cutter,assets\cards\eel_cutter.png
eitrigg,assets\cards\eitrigg.png
el_pollo_grande,assets\cards\el_pollo_grande.png
elaar,assets\cards\elaar.png
elder_achillia,assets\cards\elder_achillia.png
elder_huntsman_swiftshot,assets\cards\elder_huntsman_swiftshot.png
elder_moorf,assets\cards\elder_moorf.png
elder_narando,assets\cards\elder_narando.png
elder_tomas,assets\cards\elder_tomas.png
elder_valdar_of_the_exodar,assets\cards\elder_valdar_of_the_exodar.png
elder_zeez,assets\cards\elder_zeez.png
elderguard_brennan,assets\cards\elderguard_brennan.png
elderlimb,assets\cards\elderlimb.png
eldrethalas_sorceress,assets\cards\eldrethalas_sorceress.png
electrified_dagger,assets\cards\electrified_dagger.png
elemental_balance,assets\cards\elemental_balance.png
elemental_echo,assets\cards\elemental_echo.png
elemental_energy,assets\cards\elemental_energy.png
elemental_flames,assets\cards\elemental_flames.png
elemental_focus,assets\cards\elemental_focus.png
elemental_focus_band,assets\cards\elemental_focus_band.png
elemental_precision,assets\cards\elemental_precision.png
elemental_purge,assets\cards\elemental_purge.png
elemental_shield,assets\cards\elemental_shield.png
elemental_vision,assets\cards\elemental_vision.png
elemental_weapons,assets\cards\elemental_weapons.png
elementalist_arax,assets\cards\elementalist_arax.png
elementalist_psyrin,assets\cards\elementalist_psyrin.png
elementium_poleaxe,assets\cards\elementium_poleaxe.png
elements_fury,assets\cards\elements_fury.png
elendril,assets\cards\elendril.png
elistari_silverwind,assets\cards\elistari_silverwind.png
elithys_firestorm,assets\cards\elithys_firestorm.png
elizabeth_crowley,assets\cards\elizabeth_crowley.png
ellen_burroughs,assets\cards\ellen_burroughs.png
ellie_tinkervoid,assets\cards\ellie_tinkervoid.png
elmira_moonsurge,assets\cards\elmira_moonsurge.png
elumeria_wildershot,assets\cards\elumeria_wildershot.png
elunes_blessing,assets\cards\elunes_blessing.png
elven_chain_boots,assets\cards\elven_chain_boots.png
elwynn_burglar,assets\cards\elwynn_burglar.png
elwynn_huntsman,assets\cards\elwynn_huntsman.png
elysa_lockewood,assets\cards\elysa_lockewood.png
emberstone_staff,assets\cards\emberstone_staff.png
embolism,assets\cards\embolism.png
embrace_of_the_nether,assets\cards\embrace_of_the_nether.png
emek_the_equalizer,assets\cards\emek_the_equalizer.png
emelia_darkhand,assets\cards\emelia_darkhand.png
emerald_acidspewer,assets\cards\emerald_acidspewer.png
emerald_captain,assets\cards\emerald_captain.png
emerald_emissary,assets\cards\emerald_emissary.png
emerald_lifewarden,assets\cards\emerald_lifewarden.png
emerald_ripper,assets\cards\emerald_ripper.png
emerald_scale_greaves,assets\cards\emerald_scale_greaves.png
emerald_soldier,assets\cards\emerald_soldier.png
emerald_tree_warder,assets\cards\emerald_tree_warder.png
emerald_wanderer,assets\cards\emerald_wanderer.png
emerson_zantides,assets\cards\emerson_zantides.png
emora_delwin,assets\cards\emora_delwin.png
empty_the_stables,assets\cards\empty_the_stables.png
emree,assets\cards\emree.png
enabrin_timewalker_druid,assets\cards\enabrin_timewalker_druid.png
encrusted_zombie_finger,assets\cards\encrusted_zombie_finger.png
end_of_the_supply_line,assets\cards\end_of_the_supply_line.png
endina_the_hunted,assets\cards\endina_the_hunted.png
endure,assets\cards\endure.png
enduring_shout,assets\cards\enduring_shout.png
enduring_winter,assets\cards\enduring_winter.png
enemies_old_and_new,assets\cards\enemies_old_and_new.png
energize,assets\cards\energize.png
energized,assets\cards\energized.png
enfea_contha,assets\cards\enfea_contha.png
engulfing_blaze,assets\cards\engulfing_blaze.png
enlightenment,assets\cards\enlightenment.png
enraged_regeneration,assets\cards\enraged_regeneration.png
enslave_demon,assets\cards\enslave_demon.png
enslaved_abyssal,assets\cards\enslaved_abyssal.png
enslaved_red_dragon,assets\cards\enslaved_red_dragon.png
entangling_growth,assets\cards\entangling_growth.png
entangling_roots,assets\cards\entangling_roots.png
enter_the_dragon_queen,assets\cards\enter_the_dragon_queen.png
entomb,assets\cards\entomb.png
entrenched,assets\cards\entrenched.png
entry_into_the_black_temple,assets\cards\entry_into_the_black_temple.png
enveloping_shadows,assets\cards\enveloping_shadows.png
envenom,assets\cards\envenom.png
envoy_aiden_lenoir,assets\cards\envoy_aiden_lenoir.png
envoy_of_mortality,assets\cards\envoy_of_mortality.png
envoy_samantha_dillon,assets\cards\envoy_samantha_dillon.png
equal_opportunity,assets\cards\equal_opportunity.png
equalize,assets\cards\equalize.png
eralysa_sunshot,assets\cards\eralysa_sunshot.png
erama,assets\cards\erama.png
eranikus,assets\cards\eranikus.png
eredar_chaosbringer,assets\cards\eredar_chaosbringer.png
eredar_deathbringer,assets\cards\eredar_deathbringer.png
eredar_strategist,assets\cards\eredar_strategist.png
eredar_wand_of_obliteration,assets\cards\eredar_wand_of_obliteration.png
erindae_firestrider,assets\cards\erindae_firestrider.png
eris_havenfire,assets\cards\eris_havenfire.png
eriun_moonglow,assets\cards\eriun_moonglow.png
erondra_frostmoon,assets\cards\erondra_frostmoon.png
errzig_cogflicker,assets\cards\errzig_cogflicker.png
erunak_stonespeaker,assets\cards\erunak_stonespeaker.png
eruption_trap,assets\cards\eruption_trap.png
erytheis,assets\cards\erytheis.png
esad,assets\cards\esad.png
esala,assets\cards\esala.png
escape_artist,assets\cards\escape_artist.png
eskhandars_collar,assets\cards\eskhandars_collar.png
eskhandars_right_claw,assets\cards\eskhandars_right_claw.png
esonea,assets\cards\esonea.png
essence_gatherer,assets\cards\essence_gatherer.png
essence_of_aggression,assets\cards\essence_of_aggression.png
essence_of_defense,assets\cards\essence_of_defense.png
essence_of_focus,assets\cards\essence_of_focus.png
essence_of_light,assets\cards\essence_of_light.png
essence_of_mending,assets\cards\essence_of_mending.png
essence_of_rage,assets\cards\essence_of_rage.png
essence_of_the_martyr,assets\cards\essence_of_the_martyr.png
essence_of_war,assets\cards\essence_of_war.png
establishing_new_outposts,assets\cards\establishing_new_outposts.png
etched_dragonbone_girdle,assets\cards\etched_dragonbone_girdle.png
eternitys_end,assets\cards\eternitys_end.png
eternium_runed_blade,assets\cards\eternium_runed_blade.png
ethereal_plunderer,assets\cards\ethereal_plunderer.png
ethereal_spellfilcher,assets\cards\ethereal_spellfilcher.png
ethereal_thief,assets\cards\ethereal_thief.png
euphoria,assets\cards\euphoria.png
evaax_herald_of_death,assets\cards\evaax_herald_of_death.png
evasion,assets\cards\evasion.png
everfrost,assets\cards\everfrost.png
everlasting_affliction,assets\cards\everlasting_affliction.png
everlasting_cold,assets\cards\everlasting_cold.png
eviscerate,assets\cards\eviscerate.png
evocation,assets\cards\evocation.png
exarch_onaala,assets\cards\exarch_onaala.png
exarch_orelis,assets\cards\exarch_orelis.png
exasperate,assets\cards\exasperate.png
exaura_the_cryptkeeper,assets\cards\exaura_the_cryptkeeper.png
excape_from_durnholde,assets\cards\excape_from_durnholde.png
excessive_force,assets\cards\excessive_force.png
exectutioners_mark,assets\cards\exectutioners_mark.png
execute,assets\cards\execute.png
executioners_strikes,assets\cards\executioners_strikes.png
exemplars_blades,assets\cards\exemplars_blades.png
exemplars_shield,assets\cards\exemplars_shield.png
exhaustion,assets\cards\exhaustion.png
exodar_peacekeepers,assets\cards\exodar_peacekeepers.png
exorcism,assets\cards\exorcism.png
expel,assets\cards\expel.png
expertise_of_steel,assets\cards\expertise_of_steel.png
explosions,assets\cards\explosions.png
explosive_flames,assets\cards\explosive_flames.png
explosive_hunt,assets\cards\explosive_hunt.png
explosive_shot,assets\cards\explosive_shot.png
explosive_trap,assets\cards\explosive_trap.png
expose_armor,assets\cards\expose_armor.png
extinct_turtle_shell,assets\cards\extinct_turtle_shell.png
extinguish,assets\cards\extinguish.png
extortion,assets\cards\extortion.png
extract_of_necromantic_power,assets\cards\extract_of_necromantic_power.png
exxi_the_windshaper,assets\cards\exxi_the_windshaper.png
eye_of_flame,assets\cards\eye_of_flame.png
eye_of_kilrogg,assets\cards\eye_of_kilrogg.png
eye_of_magtheridon,assets\cards\eye_of_magtheridon.png
eye_of_rend,assets\cards\eye_of_rend.png
eye_of_the_legion,assets\cards\eye_of_the_legion.png
eye_of_the_storm,assets\cards\eye_of_the_storm.png
eyeball_jones,assets\cards\eyeball_jones.png
eyes_of_the_beast,assets\cards\eyes_of_the_beast.png
ezra_phoenix,assets\cards\ezra_phoenix.png
eztrin,assets\cards\eztrin.png
face_of_fear,assets\cards\face_of_fear.png
face_smash,assets\cards\face_smash.png
faceless_sapper,assets\cards\faceless_sapper.png
faceless_watcher,assets\cards\faceless_watcher.png
faces_from_the_past,assets\cards\faces_from_the_past.png
fade,assets\cards\fade.png
fading_glow,assets\cards\fading_glow.png
faenis_the_tranquil,assets\cards\faenis_the_tranquil.png
faerie_fire,assets\cards\faerie_fire.png
faerlinas_madness,assets\cards\faerlinas_madness.png
faesha_firestalker,assets\cards\faesha_firestalker.png
faith_healers_boots,assets\cards\faith_healers_boots.png
faithful_dispel,assets\cards\faithful_dispel.png
faithful_heal,assets\cards\faithful_heal.png
faithful_prayer,assets\cards\faithful_prayer.png
faithseer_jasmina,assets\cards\faithseer_jasmina.png
falana_of_the_flen,assets\cards\falana_of_the_flen.png
falcore,assets\cards\falcore.png
falixia_frizzleblast,assets\cards\falixia_frizzleblast.png
fall_back,assets\cards\fall_back.png
fallenstar,assets\cards\fallenstar.png
falling_to_corruption,assets\cards\falling_to_corruption.png
fallingstar,assets\cards\fallingstar.png
famasin_the_lifeseer,assets\cards\famasin_the_lifeseer.png
famish_the_binder,assets\cards\famish_the_binder.png
fan_of_knives,assets\cards\fan_of_knives.png
fanblade_pauldrons,assets\cards\fanblade_pauldrons.png
fandrals_flamescythe,assets\cards\fandrals_flamescythe.png
fang,assets\cards\fang.png
fang_of_the_crystal_spider,assets\cards\fang_of_the_crystal_spider.png
fangs_of_the_father,assets\cards\fangs_of_the_father.png
far_from_the_nest,assets\cards\far_from_the_nest.png
far_sight,assets\cards\far_sight.png
farander_shadesurge,assets\cards\farander_shadesurge.png
farseer_horgath,assets\cards\farseer_horgath.png
farseer_nobundo,assets\cards\farseer_nobundo.png
fast_acting_poison,assets\cards\fast_acting_poison.png
fatafi,assets\cards\fatafi.png
father_charles,assets\cards\father_charles.png
father_gustav,assets\cards\father_gustav.png
favor_of_acherus,assets\cards\favor_of_acherus.png
favor_of_mischief,assets\cards\favor_of_mischief.png
favor_of_nature,assets\cards\favor_of_nature.png
favor_of_spirit,assets\cards\favor_of_spirit.png
favor_of_steel,assets\cards\favor_of_steel.png
favor_of_the_arcane,assets\cards\favor_of_the_arcane.png
favor_of_the_elements,assets\cards\favor_of_the_elements.png
favor_of_the_hunt,assets\cards\favor_of_the_hunt.png
favor_of_the_light,assets\cards\favor_of_the_light.png
favor_of_the_nether,assets\cards\favor_of_the_nether.png
favor_of_undeath,assets\cards\favor_of_undeath.png
fealess_strike,assets\cards\fealess_strike.png
fear,assets\cards\fear.png
fear_and_loathing,assets\cards\fear_and_loathing.png
feast_of_flame,assets\cards\feast_of_flame.png
feedback,assets\cards\feedback.png
feeding_frenzy,assets\cards\feeding_frenzy.png
feera_quickshot,assets\cards\feera_quickshot.png
feign_death,assets\cards\feign_death.png
feint,assets\cards\feint.png
fel_armor,assets\cards\fel_armor.png
fel_blaze,assets\cards\fel_blaze.png
fel_cannon,assets\cards\fel_cannon.png
fel_covenant,assets\cards\fel_covenant.png
fel_domination,assets\cards\fel_domination.png
fel_fire,assets\cards\fel_fire.png
fel_flame,assets\cards\fel_flame.png
fel_fury,assets\cards\fel_fury.png
fel_immolation,assets\cards\fel_immolation.png
fel_imp,assets\cards\fel_imp.png
fel_infernal,assets\cards\fel_infernal.png
fel_inversion,assets\cards\fel_inversion.png
fel_iron_hatchet,assets\cards\fel_iron_hatchet.png
fel_leather_gloves,assets\cards\fel_leather_gloves.png
fel_pact,assets\cards\fel_pact.png
fel_steed_saddlebags,assets\cards\fel_steed_saddlebags.png
fel_summon,assets\cards\fel_summon.png
fel_trade,assets\cards\fel_trade.png
felbender_lara,assets\cards\felbender_lara.png
feldrake,assets\cards\feldrake.png
felendren_the_banished,assets\cards\felendren_the_banished.png
felguard_annihilator,assets\cards\felguard_annihilator.png
felguard_basher,assets\cards\felguard_basher.png
felguard_marauder,assets\cards\felguard_marauder.png
feline_grace,assets\cards\feline_grace.png
felsteel_reaper,assets\cards\felsteel_reaper.png
felsteel_whisper_knives,assets\cards\felsteel_whisper_knives.png
felstriker,assets\cards\felstriker.png
feludius,assets\cards\feludius.png
felwood_grovestalker,assets\cards\felwood_grovestalker.png
fenton_guardmont,assets\cards\fenton_guardmont.png
feral_charge,assets\cards\feral_charge.png
feral_dominance,assets\cards\feral_dominance.png
feral_energy,assets\cards\feral_energy.png
feral_instinct,assets\cards\feral_instinct.png
feral_prowess,assets\cards\feral_prowess.png
feral_rage,assets\cards\feral_rage.png
feral_spirit,assets\cards\feral_spirit.png
ferandus_duskfall,assets\cards\ferandus_duskfall.png
ferocious_cat_form,assets\cards\ferocious_cat_form.png
ferociousness,assets\cards\ferociousness.png
festering_disease,assets\cards\festering_disease.png
fianna_spellbinder,assets\cards\fianna_spellbinder.png
field_commander_foggo,assets\cards\field_commander_foggo.png
field_commander_olinnae,assets\cards\field_commander_olinnae.png
field_repair_bot_74a,assets\cards\field_repair_bot_74a.png
fierce_cat_form,assets\cards\fierce_cat_form.png
fight_or_blight,assets\cards\fight_or_blight.png
fillet_kneecapper_extraordinaire,assets\cards\fillet_kneecapper_extraordinaire.png
filthy_tricks,assets\cards\filthy_tricks.png
fimlet_sparklight,assets\cards\fimlet_sparklight.png
final_voyage,assets\cards\final_voyage.png
find_weakness,assets\cards\find_weakness.png
finding_the_source,assets\cards\finding_the_source.png
fingers_of_frost,assets\cards\fingers_of_frost.png
finishing_shout,assets\cards\finishing_shout.png
finkle_einhorn_at_your_service,assets\cards\finkle_einhorn_at_your_service.png
finkles_lava_dredger,assets\cards\finkles_lava_dredger.png
fire_and_brimstone,assets\cards\fire_and_brimstone.png
fire_and_ice,assets\cards\fire_and_ice.png
fire_blast,assets\cards\fire_blast.png
fire_elemental_totem,assets\cards\fire_elemental_totem.png
fire_etched_dagger,assets\cards\fire_etched_dagger.png
fire_nova_totem,assets\cards\fire_nova_totem.png
fire_power,assets\cards\fire_power.png
fire_the_cannon,assets\cards\fire_the_cannon.png
fireball,assets\cards\fireball.png
firelands,assets\cards\firelands.png
firemaul_of_destruction,assets\cards\firemaul_of_destruction.png
firestarter,assets\cards\firestarter.png
firestorm,assets\cards\firestorm.png
firewarden_wyland_kaslinth,assets\cards\firewarden_wyland_kaslinth.png
firewing_signets,assets\cards\firewing_signets.png
first_responder_avaressa,assets\cards\first_responder_avaressa.png
first_responder_margan,assets\cards\first_responder_margan.png
first_to_fall,assets\cards\first_to_fall.png
fist_of_the_deity,assets\cards\fist_of_the_deity.png
fists_of_mukoa,assets\cards\fists_of_mukoa.png
fit_of_rage,assets\cards\fit_of_rage.png
fizzle,assets\cards\fizzle.png
flame_bender_tajin,assets\cards\flame_bender_tajin.png
flame_burst,assets\cards\flame_burst.png
flame_charge,assets\cards\flame_charge.png
flame_keeper_rizzli,assets\cards\flame_keeper_rizzli.png
flame_lance,assets\cards\flame_lance.png
flame_orb,assets\cards\flame_orb.png
flame_pillar_leggings,assets\cards\flame_pillar_leggings.png
flame_shock,assets\cards\flame_shock.png
flame_volley,assets\cards\flame_volley.png
flame_wrath,assets\cards\flame_wrath.png
flamebringer_gaxix,assets\cards\flamebringer_gaxix.png
flames_from_beyond,assets\cards\flames_from_beyond.png
flamesinger_zara,assets\cards\flamesinger_zara.png
flamesoul_weapon,assets\cards\flamesoul_weapon.png
flamestrike,assets\cards\flamestrike.png
flametongue_weapon,assets\cards\flametongue_weapon.png
flare,assets\cards\flare.png
flare_of_the_heavens,assets\cards\flare_of_the_heavens.png
flash_freeze,assets\cards\flash_freeze.png
flash_heal,assets\cards\flash_heal.png
flash_of_brilliance,assets\cards\flash_of_brilliance.png
flash_of_light,assets\cards\flash_of_light.png
flash_of_steel,assets\cards\flash_of_steel.png
flawless_defense,assets\cards\flawless_defense.png
flesh_eating_poison,assets\cards\flesh_eating_poison.png
fleshwerk_throwing_glaive,assets\cards\fleshwerk_throwing_glaive.png
fletchers_gloves_of_the_phoenix,assets\cards\fletchers_gloves_of_the_phoenix.png
flickering_cowl,assets\cards\flickering_cowl.png
flickering_shoulders,assets\cards\flickering_shoulders.png
flickers_from_the_past,assets\cards\flickers_from_the_past.png
flight_form,assets\cards\flight_form.png
flint_shadowmore,assets\cards\flint_shadowmore.png
floating_spellbook,assets\cards\floating_spellbook.png
floating_web,assets\cards\floating_web.png
flourish,assets\cards\flourish.png
fluid_death,assets\cards\fluid_death.png
foam_sword_rack,assets\cards\foam_sword_rack.png
focus_magic,assets\cards\focus_magic.png
focused_dispel,assets\cards\focused_dispel.png
focused_flames,assets\cards\focused_flames.png
focused_heal,assets\cards\focused_heal.png
focused_will,assets\cards\focused_will.png
fools_bane,assets\cards\fools_bane.png
fools_gold,assets\cards\fools_gold.png
footwraps_of_vile_deceit,assets\cards\footwraps_of_vile_deceit.png
for_great_honor,assets\cards\for_great_honor.png
for_the_horde,assets\cards\for_the_horde.png
forager_cloudbloom,assets\cards\forager_cloudbloom.png
forager_hoofbeat,assets\cards\forager_hoofbeat.png
forang_deathrattle,assets\cards\forang_deathrattle.png
forbidden_knowledge,assets\cards\forbidden_knowledge.png
force_commander_danath_trollbane,assets\cards\force_commander_danath_trollbane.png
force_of_earth,assets\cards\force_of_earth.png
force_of_nature,assets\cards\force_of_nature.png
forces_of_jaedenar,assets\cards\forces_of_jaedenar.png
fordragon_hold,assets\cards\fordragon_hold.png
forest_stalkers_bracers,assets\cards\forest_stalkers_bracers.png
forge_camp_annihilated,assets\cards\forge_camp_annihilated.png
forged_of_shadow_and_flame,assets\cards\forged_of_shadow_and_flame.png
fork_lightning,assets\cards\fork_lightning.png
form_of_the_serpent,assets\cards\form_of_the_serpent.png
forsaken_blightspreader,assets\cards\forsaken_blightspreader.png
forsaken_royal_dreadguard,assets\cards\forsaken_royal_dreadguard.png
fortified_defenses,assets\cards\fortified_defenses.png
fortify,assets\cards\fortify.png
fortifying_shout,assets\cards\fortifying_shout.png
fortune_telling,assets\cards\fortune_telling.png
fossilized_hatchling,assets\cards\fossilized_hatchling.png
fossilized_raptor,assets\cards\fossilized_raptor.png
fraznak_the_furious,assets\cards\fraznak_the_furious.png
freeze,assets\cards\freeze.png
freeze_out,assets\cards\freeze_out.png
freezing_arrow,assets\cards\freezing_arrow.png
freezing_band,assets\cards\freezing_band.png
freezing_rain_totem,assets\cards\freezing_rain_totem.png
freezing_trap,assets\cards\freezing_trap.png
frek_snipelix,assets\cards\frek_snipelix.png
frenzied_doomguard,assets\cards\frenzied_doomguard.png
frenzied_felhound,assets\cards\frenzied_felhound.png
frenzy,assets\cards\frenzy.png
frenzyfin,assets\cards\frenzyfin.png
freya_lightsworn,assets\cards\freya_lightsworn.png
friends_in_high_places,assets\cards\friends_in_high_places.png
fright,assets\cards\fright.png
frigid_frailty,assets\cards\frigid_frailty.png
frigid_winds,assets\cards\frigid_winds.png
frimzy_fuzzbum,assets\cards\frimzy_fuzzbum.png
frizzle_stumbleshade,assets\cards\frizzle_stumbleshade.png
frizzlight,assets\cards\frizzlight.png
from_the_shadows,assets\cards\from_the_shadows.png
frost_arc,assets\cards\frost_arc.png
frost_armor,assets\cards\frost_armor.png
frost_blast,assets\cards\frost_blast.png
frost_bound_chain_bracers,assets\cards\frost_bound_chain_bracers.png
frost_burst,assets\cards\frost_burst.png
frost_fever,assets\cards\frost_fever.png
frost_funnel,assets\cards\frost_funnel.png
frost_nova,assets\cards\frost_nova.png
frost_resistance_aura,assets\cards\frost_resistance_aura.png
frost_resistance_totem,assets\cards\frost_resistance_totem.png
frost_rune,assets\cards\frost_rune.png
frost_shock,assets\cards\frost_shock.png
frost_stasis,assets\cards\frost_stasis.png
frost_strike,assets\cards\frost_strike.png
frost_surge,assets\cards\frost_surge.png
frost_trap,assets\cards\frost_trap.png
frost_ward,assets\cards\frost_ward.png
frost_wave,assets\cards\frost_wave.png
frost_wyrm,assets\cards\frost_wyrm.png
frostbite,assets\cards\frostbite.png
frostbolt,assets\cards\frostbolt.png
frostbridge_orb,assets\cards\frostbridge_orb.png
frostfire_bolt,assets\cards\frostfire_bolt.png
frostguard,assets\cards\frostguard.png
frostmourne,assets\cards\frostmourne.png
frostweave_bandage,assets\cards\frostweave_bandage.png
frostweaver_dakarsith,assets\cards\frostweaver_dakarsith.png
frostwolf,assets\cards\frostwolf.png
frostwolf_insignia,assets\cards\frostwolf_insignia.png
frozen_blight,assets\cards\frozen_blight.png
frozen_core,assets\cards\frozen_core.png
frozen_frenzy,assets\cards\frozen_frenzy.png
frozen_nerves,assets\cards\frozen_nerves.png
frozen_solid,assets\cards\frozen_solid.png
frozen_strength,assets\cards\frozen_strength.png
fuel_for_the_fire,assets\cards\fuel_for_the_fire.png
fugu,assets\cards\fugu.png
full_circle,assets\cards\full_circle.png
fumdol_mountainfrost,assets\cards\fumdol_mountainfrost.png
fungal_growth,assets\cards\fungal_growth.png
fungus_face_mcgillicutty,assets\cards\fungus_face_mcgillicutty.png
funken_fusemissle,assets\cards\funken_fusemissle.png
furan_rookbane,assets\cards\furan_rookbane.png
furbolg_avenger,assets\cards\furbolg_avenger.png
furbolg_champion,assets\cards\furbolg_champion.png
furbolg_chieftain,assets\cards\furbolg_chieftain.png
furbolg_firecaller,assets\cards\furbolg_firecaller.png
furbolg_shaman,assets\cards\furbolg_shaman.png
furbolg_spiritbinder,assets\cards\furbolg_spiritbinder.png
furious_george,assets\cards\furious_george.png
furious_kalla,assets\cards\furious_kalla.png
furious_resolve,assets\cards\furious_resolve.png
furious_strike,assets\cards\furious_strike.png
furor,assets\cards\furor.png
fury,assets\cards\fury.png
fury_of_the_ages,assets\cards\fury_of_the_ages.png
fusion_totem,assets\cards\fusion_totem.png
gabble,assets\cards\gabble.png
gahrunt_foulfang,assets\cards\gahrunt_foulfang.png
gahzridian,assets\cards\gahzridian.png
gahzrilla,assets\cards\gahzrilla.png
gakmat,assets\cards\gakmat.png
gaktai,assets\cards\gaktai.png
gakuri,assets\cards\gakuri.png
galabak_barrelmark,assets\cards\galabak_barrelmark.png
galahandra_keeper_of_the_silent_grove,assets\cards\galahandra_keeper_of_the_silent_grove.png
gale_force,assets\cards\gale_force.png
gale_winds,assets\cards\gale_winds.png
galvanize,assets\cards\galvanize.png
galvano_the_beast_lord,assets\cards\galvano_the_beast_lord.png
galway_steamwhistle,assets\cards\galway_steamwhistle.png
gamon,assets\cards\gamon.png
gang_up,assets\cards\gang_up.png
ganvar_singebeard,assets\cards\ganvar_singebeard.png
garana_sparkfist,assets\cards\garana_sparkfist.png
gardos_gravefang,assets\cards\gardos_gravefang.png
garell_strout,assets\cards\garell_strout.png
garet_vice,assets\cards\garet_vice.png
gareth_ironshot,assets\cards\gareth_ironshot.png
gargoyle,assets\cards\gargoyle.png
garona_halforcen,assets\cards\garona_halforcen.png
garrosh_hellscream,assets\cards\garrosh_hellscream.png
garrosh_son_of_grom,assets\cards\garrosh_son_of_grom.png
garrote,assets\cards\garrote.png
gartok_skullsplitter,assets\cards\gartok_skullsplitter.png
garyk_stormcrier,assets\cards\garyk_stormcrier.png
gathering_of_wits,assets\cards\gathering_of_wits.png
gatlin_clouds_the_sky,assets\cards\gatlin_clouds_the_sky.png
gauntlets_of_the_skullsplitter,assets\cards\gauntlets_of_the_skullsplitter.png
gavel_of_perotharn,assets\cards\gavel_of_perotharn.png
gavel_of_the_fleshcrafter,assets\cards\gavel_of_the_fleshcrafter.png
gavin_haverston,assets\cards\gavin_haverston.png
gaxtro_bilgewater_marksman,assets\cards\gaxtro_bilgewater_marksman.png
gear_upgrade,assets\cards\gear_upgrade.png
gellrin_of_the_gallows,assets\cards\gellrin_of_the_gallows.png
general_husam,assets\cards\general_husam.png
general_lightsbane,assets\cards\general_lightsbane.png
general_turalyon,assets\cards\general_turalyon.png
geoffrey_kimble,assets\cards\geoffrey_kimble.png
gerrunge_the_sadist,assets\cards\gerrunge_the_sadist.png
gertha_the_old_crone,assets\cards\gertha_the_old_crone.png
gerwixicks,assets\cards\gerwixicks.png
get_down,assets\cards\get_down.png
ghank,assets\cards\ghank.png
ghost_wolf,assets\cards\ghost_wolf.png
ghostly_charger,assets\cards\ghostly_charger.png
ghoulish_epidemic,assets\cards\ghoulish_epidemic.png
ghoulmaster_kalisa,assets\cards\ghoulmaster_kalisa.png
gift_of_nature,assets\cards\gift_of_nature.png
gift_of_the_earthmother,assets\cards\gift_of_the_earthmother.png
gift_of_the_elven_magi,assets\cards\gift_of_the_elven_magi.png
gift_of_the_pious,assets\cards\gift_of_the_pious.png
gift_of_the_wild,assets\cards\gift_of_the_wild.png
gifted_heal,assets\cards\gifted_heal.png
gifts_from_the_past,assets\cards\gifts_from_the_past.png
gigantique_bag,assets\cards\gigantique_bag.png
gilblin_bully,assets\cards\gilblin_bully.png
gilblin_deathscrounger,assets\cards\gilblin_deathscrounger.png
gilblin_hoarder,assets\cards\gilblin_hoarder.png
gilblin_plunderer,assets\cards\gilblin_plunderer.png
gilblin_trickster,assets\cards\gilblin_trickster.png
gilneas,assets\cards\gilneas.png
ginza_darktusk,assets\cards\ginza_darktusk.png
girdle_of_razuvious,assets\cards\girdle_of_razuvious.png
girdle_of_ruination,assets\cards\girdle_of_ruination.png
girdle_of_the_blasted_reaches,assets\cards\girdle_of_the_blasted_reaches.png
girdle_of_the_endless_pit,assets\cards\girdle_of_the_endless_pit.png
girdle_of_the_queens_champion,assets\cards\girdle_of_the_queens_champion.png
girdle_of_uther,assets\cards\girdle_of_uther.png
gispax_the_mixologist,assets\cards\gispax_the_mixologist.png
givon,assets\cards\givon.png
glacial_bag,assets\cards\glacial_bag.png
glacial_blade,assets\cards\glacial_blade.png
glacial_strike,assets\cards\glacial_strike.png
glacial_tomb,assets\cards\glacial_tomb.png
glaciate,assets\cards\glaciate.png
gladiator_addisyn,assets\cards\gladiator_addisyn.png
gladiator_boum,assets\cards\gladiator_boum.png
gladiator_dorn,assets\cards\gladiator_dorn.png
gladiator_emek,assets\cards\gladiator_emek.png
gladiator_kaniya,assets\cards\gladiator_kaniya.png
gladiator_katianna,assets\cards\gladiator_katianna.png
gladiator_keward,assets\cards\gladiator_keward.png
gladiator_kileana,assets\cards\gladiator_kileana.png
gladiator_kinivus,assets\cards\gladiator_kinivus.png
gladiator_lanthus,assets\cards\gladiator_lanthus.png
gladiator_loraala,assets\cards\gladiator_loraala.png
gladiator_magnus,assets\cards\gladiator_magnus.png
gladiator_meganna,assets\cards\gladiator_meganna.png
gladiator_ryno,assets\cards\gladiator_ryno.png
gladiator_sepirion,assets\cards\gladiator_sepirion.png
gladiator_skumm,assets\cards\gladiator_skumm.png
gladiator_zimo,assets\cards\gladiator_zimo.png
gladiator_zophos,assets\cards\gladiator_zophos.png
gladiators_aegis,assets\cards\gladiators_aegis.png
gladiators_maul,assets\cards\gladiators_maul.png
gladiators_regalia,assets\cards\gladiators_regalia.png
gladiators_salvation,assets\cards\gladiators_salvation.png
gladiators_sanctuary,assets\cards\gladiators_sanctuary.png
gladiators_spellblade,assets\cards\gladiators_spellblade.png
glaive_of_the_pit,assets\cards\glaive_of_the_pit.png
glimmer_of_hope,assets\cards\glimmer_of_hope.png
glory_to_the_alliance,assets\cards\glory_to_the_alliance.png
gloves_of_calculated_risk,assets\cards\gloves_of_calculated_risk.png
gloves_of_dissolving_smoke,assets\cards\gloves_of_dissolving_smoke.png
gloves_of_immortal_dusk,assets\cards\gloves_of_immortal_dusk.png
gloves_of_the_frozen_glade,assets\cards\gloves_of_the_frozen_glade.png
gloves_of_the_high_magus,assets\cards\gloves_of_the_high_magus.png
gloves_of_token_respect,assets\cards\gloves_of_token_respect.png
gloves_of_unerring_aim,assets\cards\gloves_of_unerring_aim.png
glyph_of_omniscience,assets\cards\glyph_of_omniscience.png
glyphtrace_ritual_knife,assets\cards\glyphtrace_ritual_knife.png
gnash,assets\cards\gnash.png
gnomebliteration,assets\cards\gnomebliteration.png
gnomeregan,assets\cards\gnomeregan.png
gnomeregan_auto_blocker_600,assets\cards\gnomeregan_auto_blocker_600.png
gnomish_flying_machine,assets\cards\gnomish_flying_machine.png
gnomish_poultryizer,assets\cards\gnomish_poultryizer.png
gobbler,assets\cards\gobbler.png
goblin_gumbo,assets\cards\goblin_gumbo.png
goblin_rocket_launcher,assets\cards\goblin_rocket_launcher.png
goblin_sapper,assets\cards\goblin_sapper.png
goblin_tinker,assets\cards\goblin_tinker.png
gobloz,assets\cards\gobloz.png
god_grinding_grips,assets\cards\god_grinding_grips.png
goetia,assets\cards\goetia.png
gok_stormhammer,assets\cards\gok_stormhammer.png
golas_swiftwind,assets\cards\golas_swiftwind.png
goldenmoon,assets\cards\goldenmoon.png
goldrinn,assets\cards\goldrinn.png
golem_skull_helm,assets\cards\golem_skull_helm.png
gollom_skybang,assets\cards\gollom_skybang.png
gone_fishin,assets\cards\gone_fishin.png
goran_timewalker_lavacaller,assets\cards\goran_timewalker_lavacaller.png
gordash_firetooth,assets\cards\gordash_firetooth.png
gorebelly,assets\cards\gorebelly.png
gorehowl,assets\cards\gorehowl.png
gorgar,assets\cards\gorgar.png
gorla_wrathbolt,assets\cards\gorla_wrathbolt.png
gorlash_herald_of_the_elements,assets\cards\gorlash_herald_of_the_elements.png
goru_thronmane,assets\cards\goru_thronmane.png
gorz_blazefist,assets\cards\gorz_blazefist.png
gouge,assets\cards\gouge.png
graccus,assets\cards\graccus.png
grace_of_air_totem,assets\cards\grace_of_air_totem.png
grace_of_the_lightbringer,assets\cards\grace_of_the_lightbringer.png
graddis_battlebeard,assets\cards\graddis_battlebeard.png
gragtok,assets\cards\gragtok.png
grak_foulblade,assets\cards\grak_foulblade.png
gramm_thunderjaw,assets\cards\gramm_thunderjaw.png
grand_admiral_daelin_proudmoore,assets\cards\grand_admiral_daelin_proudmoore.png
grand_crusader,assets\cards\grand_crusader.png
grand_marshal_goldensword,assets\cards\grand_marshal_goldensword.png
grand_marshals_tome_of_power,assets\cards\grand_marshals_tome_of_power.png
grandma_deadsie,assets\cards\grandma_deadsie.png
gravebound,assets\cards\gravebound.png
gravelord_adams,assets\cards\gravelord_adams.png
gravitational_pull,assets\cards\gravitational_pull.png
grayson_steelworth,assets\cards\grayson_steelworth.png
grazzle_grubhook,assets\cards\grazzle_grubhook.png
great_elekk,assets\cards\great_elekk.png
great_kodo,assets\cards\great_kodo.png
greater_chain_heal,assets\cards\greater_chain_heal.png
greater_chain_lightning,assets\cards\greater_chain_lightning.png
greater_fleshbeast,assets\cards\greater_fleshbeast.png
greater_heal,assets\cards\greater_heal.png
greatsword_of_forlorn_visions,assets\cards\greatsword_of_forlorn_visions.png
greatsword_of_horrid_dreams,assets\cards\greatsword_of_horrid_dreams.png
greaves_of_ancient_evil,assets\cards\greaves_of_ancient_evil.png
greaves_of_desolation,assets\cards\greaves_of_desolation.png
greaves_of_the_martyr,assets\cards\greaves_of_the_martyr.png
greed_before_need,assets\cards\greed_before_need.png
greefer,assets\cards\greefer.png
green_whelp_armor,assets\cards\green_whelp_armor.png
gregory_flamewaker,assets\cards\gregory_flamewaker.png
grennan_stormspeaker,assets\cards\grennan_stormspeaker.png
gretta_grindstone,assets\cards\gretta_grindstone.png
grglmrgl,assets\cards\grglmrgl.png
grievous_wounds,assets\cards\grievous_wounds.png
grim_campfire,assets\cards\grim_campfire.png
grim_fate,assets\cards\grim_fate.png
grim_harvest,assets\cards\grim_harvest.png
grim_reach,assets\cards\grim_reach.png
grim_touch,assets\cards\grim_touch.png
grimdron,assets\cards\grimdron.png
grimnar,assets\cards\grimnar.png
grindel_hellbringer,assets\cards\grindel_hellbringer.png
grint_sundershot,assets\cards\grint_sundershot.png
grip_of_the_damned,assets\cards\grip_of_the_damned.png
grips_of_damnation,assets\cards\grips_of_damnation.png
grismare,assets\cards\grismare.png
grizlik_sparkhex,assets\cards\grizlik_sparkhex.png
grizzly_defender,assets\cards\grizzly_defender.png
grok_goreblade,assets\cards\grok_goreblade.png
grom_hellscream,assets\cards\grom_hellscream.png
gromble_the_apt,assets\cards\gromble_the_apt.png
gronn_skullcracker,assets\cards\gronn_skullcracker.png
grounding_totem,assets\cards\grounding_totem.png
groundshaker_earnheart,assets\cards\groundshaker_earnheart.png
grovemender_ashlon,assets\cards\grovemender_ashlon.png
grovewarden_daviak,assets\cards\grovewarden_daviak.png
grudum_trove_guardian,assets\cards\grudum_trove_guardian.png
grug_the_bonecrusher,assets\cards\grug_the_bonecrusher.png
grugthar_sharpblade,assets\cards\grugthar_sharpblade.png
grumdak_herald_of_the_hunt,assets\cards\grumdak_herald_of_the_hunt.png
grumdur_bladebane,assets\cards\grumdur_bladebane.png
grumpherys,assets\cards\grumpherys.png
grunt_baranka,assets\cards\grunt_baranka.png
gryth_thurden_gryphon_master,assets\cards\gryth_thurden_gryphon_master.png
guadian_of_ancient_kings,assets\cards\guadian_of_ancient_kings.png
guantlets_of_the_ancient_frostwolf,assets\cards\guantlets_of_the_ancient_frostwolf.png
guantlets_of_vindication,assets\cards\guantlets_of_vindication.png
guard_duty,assets\cards\guard_duty.png
guarded_by_the_light,assets\cards\guarded_by_the_light.png
guardian_of_the_ages,assets\cards\guardian_of_the_ages.png
guardian_of_the_light,assets\cards\guardian_of_the_light.png
guardian_spirit,assets\cards\guardian_spirit.png
guardian_steelhoof,assets\cards\guardian_steelhoof.png
guardian_steelhorn,assets\cards\guardian_steelhorn.png
guardian_steppestrider,assets\cards\guardian_steppestrider.png
guardians_endurance,assets\cards\guardians_endurance.png
guardians_shield,assets\cards\guardians_shield.png
guise_of_the_stalker,assets\cards\guise_of_the_stalker.png
guldan,assets\cards\guldan.png
gully_rustinax,assets\cards\gully_rustinax.png
gundek_hammerguard,assets\cards\gundek_hammerguard.png
gurok_the_usurper,assets\cards\gurok_the_usurper.png
gurthalak_voice_of_the_deeps,assets\cards\gurthalak_voice_of_the_deeps.png
gurubashi_arena,assets\cards\gurubashi_arena.png
gurubashi_dwarf_destroyer,assets\cards\gurubashi_dwarf_destroyer.png
gurubashi_punisher,assets\cards\gurubashi_punisher.png
guruvan,assets\cards\guruvan.png
gurzuk,assets\cards\gurzuk.png
gushing_totem,assets\cards\gushing_totem.png
gushing_wound,assets\cards\gushing_wound.png
gustaf_trueshot,assets\cards\gustaf_trueshot.png
gut_shot,assets\cards\gut_shot.png
gutbuster,assets\cards\gutbuster.png
gutfin,assets\cards\gutfin.png
gutgore_ripper,assets\cards\gutgore_ripper.png
gwon_strongbark,assets\cards\gwon_strongbark.png
gyro_of_the_ring,assets\cards\gyro_of_the_ring.png
haaroon,assets\cards\haaroon.png
hadrack_the_devoted,assets\cards\hadrack_the_devoted.png
haedis,assets\cards\haedis.png
hagtrix_the_mindsifter,assets\cards\hagtrix_the_mindsifter.png
hail_of_arrows,assets\cards\hail_of_arrows.png
hailey_goodchilde,assets\cards\hailey_goodchilde.png
hailstorm,assets\cards\hailstorm.png
hakkar_the_houndsmaster,assets\cards\hakkar_the_houndsmaster.png
halaa,assets\cards\halaa.png
halavar,assets\cards\halavar.png
halberd_of_smiting,assets\cards\halberd_of_smiting.png
halion_staff_of_forgotten_love,assets\cards\halion_staff_of_forgotten_love.png
halnar_stands_alone,assets\cards\halnar_stands_alone.png
halo_of_transcendence,assets\cards\halo_of_transcendence.png
hammer_of_atonement,assets\cards\hammer_of_atonement.png
hammer_of_justice,assets\cards\hammer_of_justice.png
hammer_of_retribution,assets\cards\hammer_of_retribution.png
hammer_of_sanctity,assets\cards\hammer_of_sanctity.png
hammer_of_sparks,assets\cards\hammer_of_sparks.png
hammer_of_the_divine,assets\cards\hammer_of_the_divine.png
hammer_of_the_grand_crusader,assets\cards\hammer_of_the_grand_crusader.png
hammer_of_the_naaru,assets\cards\hammer_of_the_naaru.png
hammer_of_the_righteous,assets\cards\hammer_of_the_righteous.png
hammer_of_the_zealot,assets\cards\hammer_of_the_zealot.png
hammer_of_vengeance,assets\cards\hammer_of_vengeance.png
hammer_of_wrath,assets\cards\hammer_of_wrath.png
hammul_runetotem,assets\cards\hammul_runetotem.png
hamstring,assets\cards\hamstring.png
hamuul_runetotem,assets\cards\hamuul_runetotem.png
hanaga_silvervein,assets\cards\hanaga_silvervein.png
hand_of_devotion,assets\cards\hand_of_devotion.png
hand_of_dread,assets\cards\hand_of_dread.png
hand_of_edward_the_odd,assets\cards\hand_of_edward_the_odd.png
hand_of_frost,assets\cards\hand_of_frost.png
hand_of_guldan,assets\cards\hand_of_guldan.png
hand_of_protection,assets\cards\hand_of_protection.png
hand_of_retribution,assets\cards\hand_of_retribution.png
hand_of_righteousness,assets\cards\hand_of_righteousness.png
hands_of_deceit,assets\cards\hands_of_deceit.png
hannah_the_unstoppable,assets\cards\hannah_the_unstoppable.png
hansi_wildcoat,assets\cards\hansi_wildcoat.png
hanthal_lightward,assets\cards\hanthal_lightward.png
hanu_skyhorn,assets\cards\hanu_skyhorn.png
haranto_darkstrider,assets\cards\haranto_darkstrider.png
haratha_hammerflame,assets\cards\haratha_hammerflame.png
harbinger_sefu,assets\cards\harbinger_sefu.png
harnum_firebelly,assets\cards\harnum_firebelly.png
haro_setting_sun,assets\cards\haro_setting_sun.png
harona_proudmane,assets\cards\harona_proudmane.png
harpy_matriarch,assets\cards\harpy_matriarch.png
harrigan_soulsunder,assets\cards\harrigan_soulsunder.png
harrison_jones,assets\cards\harrison_jones.png
harudu_cloudshot,assets\cards\harudu_cloudshot.png
haruka_skycaller,assets\cards\haruka_skycaller.png
hatchet_totem,assets\cards\hatchet_totem.png
hateful_darkweaver,assets\cards\hateful_darkweaver.png
hateful_fiend,assets\cards\hateful_fiend.png
hateful_infernal,assets\cards\hateful_infernal.png
hateful_seductress,assets\cards\hateful_seductress.png
hauberk_of_desolation,assets\cards\hauberk_of_desolation.png
hauberk_of_karabor,assets\cards\hauberk_of_karabor.png
haunt,assets\cards\haunt.png
haunt_of_flies,assets\cards\haunt_of_flies.png
haunting_call,assets\cards\haunting_call.png
havok,assets\cards\havok.png
hazlow_mudshuggle,assets\cards\hazlow_mudshuggle.png
he_who_has_no_life,assets\cards\he_who_has_no_life.png
head_trauma,assets\cards\head_trauma.png
headdress_of_the_first_shaman,assets\cards\headdress_of_the_first_shaman.png
headmasters_charge,assets\cards\headmasters_charge.png
heal,assets\cards\heal.png
healing_stream_totem,assets\cards\healing_stream_totem.png
healing_touch,assets\cards\healing_touch.png
healing_wards,assets\cards\healing_wards.png
healing_wave,assets\cards\healing_wave.png
health_stone,assets\cards\health_stone.png
heart_of_the_wild,assets\cards\heart_of_the_wild.png
heartburn,assets\cards\heartburn.png
heartening_arrival,assets\cards\heartening_arrival.png
hearthstone,assets\cards\hearthstone.png
heartless,assets\cards\heartless.png
heartrazor,assets\cards\heartrazor.png
heartseeker,assets\cards\heartseeker.png
heavenly_breeze,assets\cards\heavenly_breeze.png
heavy_netherweave_bandage,assets\cards\heavy_netherweave_bandage.png
hekto_starspire,assets\cards\hekto_starspire.png
helena_demonfire,assets\cards\helena_demonfire.png
hellfire,assets\cards\hellfire.png
hellfire_citadel,assets\cards\hellfire_citadel.png
hellfire_encased_pendant,assets\cards\hellfire_encased_pendant.png
hellfire_fortifications,assets\cards\hellfire_fortifications.png
hellforged_halberd,assets\cards\hellforged_halberd.png
hellisa,assets\cards\hellisa.png
hellreaver,assets\cards\hellreaver.png
hellscream_slicer,assets\cards\hellscream_slicer.png
helm_of_blazing_glory,assets\cards\helm_of_blazing_glory.png
helm_of_desolation,assets\cards\helm_of_desolation.png
helm_of_fire,assets\cards\helm_of_fire.png
helm_of_setesh,assets\cards\helm_of_setesh.png
helm_of_terrorizing_fangs,assets\cards\helm_of_terrorizing_fangs.png
helm_of_thorns,assets\cards\helm_of_thorns.png
helm_of_vital_protection,assets\cards\helm_of_vital_protection.png
helm_of_wrath,assets\cards\helm_of_wrath.png
helmet_of_ten_storms,assets\cards\helmet_of_ten_storms.png
helplessness,assets\cards\helplessness.png
helwen,assets\cards\helwen.png
hemet_nesingwary,assets\cards\hemet_nesingwary.png
hemets_elekk_gun,assets\cards\hemets_elekk_gun.png
hemorrhage,assets\cards\hemorrhage.png
herod_the_scarlet_champion,assets\cards\herod_the_scarlet_champion.png
herods_shoulder,assets\cards\herods_shoulder.png
heroic_bulwark,assets\cards\heroic_bulwark.png
heroic_impulse,assets\cards\heroic_impulse.png
heroic_leap,assets\cards\heroic_leap.png
heroic_presence,assets\cards\heroic_presence.png
heroic_strike,assets\cards\heroic_strike.png
heroic_throw,assets\cards\heroic_throw.png
heroism,assets\cards\heroism.png
heros_surrender,assets\cards\heros_surrender.png
hersirs_greatspear,assets\cards\hersirs_greatspear.png
hesawa_stormwalker,assets\cards\hesawa_stormwalker.png
hesriana,assets\cards\hesriana.png
hex,assets\cards\hex.png
hex_doctor_nojin,assets\cards\hex_doctor_nojin.png
hexamorph,assets\cards\hexamorph.png
hibernate,assets\cards\hibernate.png
hidden_enemies,assets\cards\hidden_enemies.png
hidden_strike,assets\cards\hidden_strike.png
hidden_weaponry,assets\cards\hidden_weaponry.png
hide_and_stab,assets\cards\hide_and_stab.png
hide_of_the_wild,assets\cards\hide_of_the_wild.png
hierophant_caydiem,assets\cards\hierophant_caydiem.png
high_arcanist_eldrissa,assets\cards\high_arcanist_eldrissa.png
high_chieftain_baine_bloodhoof,assets\cards\high_chieftain_baine_bloodhoof.png
high_chieftain_cairne_bloodhoof,assets\cards\high_chieftain_cairne_bloodhoof.png
high_commander_halford_wyrmbane,assets\cards\high_commander_halford_wyrmbane.png
high_guard_braxx,assets\cards\high_guard_braxx.png
high_guardian_malosun,assets\cards\high_guardian_malosun.png
high_inquisitor_whitemane,assets\cards\high_inquisitor_whitemane.png
high_instructor_cambell,assets\cards\high_instructor_cambell.png
high_magus_euli,assets\cards\high_magus_euli.png
high_magus_olvek,assets\cards\high_magus_olvek.png
high_oracle_naseem,assets\cards\high_oracle_naseem.png
high_overlord_saurfang,assets\cards\high_overlord_saurfang.png
high_priestess_neeri,assets\cards\high_priestess_neeri.png
high_priestess_tyrande_whisperwind,assets\cards\high_priestess_tyrande_whisperwind.png
high_prophet_barim,assets\cards\high_prophet_barim.png
high_tinker_mekkatorque,assets\cards\high_tinker_mekkatorque.png
high_warlord_cromush,assets\cards\high_warlord_cromush.png
high_warlord_gorebelly,assets\cards\high_warlord_gorebelly.png
high_warlord_zogar,assets\cards\high_warlord_zogar.png
high_warlords_cleaver,assets\cards\high_warlords_cleaver.png
highborne_soul_mirror,assets\cards\highborne_soul_mirror.png
highland_lion,assets\cards\highland_lion.png
highlord_bolvar_fordragon,assets\cards\highlord_bolvar_fordragon.png
highlord_tirion_fordring,assets\cards\highlord_tirion_fordring.png
himul_longstrider,assets\cards\himul_longstrider.png
hira,assets\cards\hira.png
hissy,assets\cards\hissy.png
historian_firana,assets\cards\historian_firana.png
historians_sash,assets\cards\historians_sash.png
hit_and_run,assets\cards\hit_and_run.png
hogger,assets\cards\hogger.png
holy_barrier,assets\cards\holy_barrier.png
holy_blaze,assets\cards\holy_blaze.png
holy_fire,assets\cards\holy_fire.png
holy_fury,assets\cards\holy_fury.png
holy_ground,assets\cards\holy_ground.png
holy_guardian,assets\cards\holy_guardian.png
holy_light,assets\cards\holy_light.png
holy_nova,assets\cards\holy_nova.png
holy_shield,assets\cards\holy_shield.png
holy_shock,assets\cards\holy_shock.png
holy_strike,assets\cards\holy_strike.png
holy_vengeance,assets\cards\holy_vengeance.png
holy_word_hope,assets\cards\holy_word_hope.png
holy_wrath,assets\cards\holy_wrath.png
hood_of_hidden_flesh,assets\cards\hood_of_hidden_flesh.png
hood_of_the_exodus,assets\cards\hood_of_the_exodus.png
hootie,assets\cards\hootie.png
hope_ender,assets\cards\hope_ender.png
horace_shadowfall,assets\cards\horace_shadowfall.png
horatio_plaguetouch,assets\cards\horatio_plaguetouch.png
horkin_figluster,assets\cards\horkin_figluster.png
horn_of_winter,assets\cards\horn_of_winter.png
horngrim,assets\cards\horngrim.png
horns_of_eranikus,assets\cards\horns_of_eranikus.png
horrify,assets\cards\horrify.png
hota_the_bloodsoaked,assets\cards\hota_the_bloodsoaked.png
hourglass_of_the_unraveller,assets\cards\hourglass_of_the_unraveller.png
howl_from_beyond,assets\cards\howl_from_beyond.png
howling_blast,assets\cards\howling_blast.png
hoxie_mettlemelt,assets\cards\hoxie_mettlemelt.png
hugh_mann,assets\cards\hugh_mann.png
hukkath,assets\cards\hukkath.png
hulking_abomination,assets\cards\hulking_abomination.png
hulking_helboar,assets\cards\hulking_helboar.png
huln_highmountain,assets\cards\huln_highmountain.png
hulok_trailblazer,assets\cards\hulok_trailblazer.png
hulstom_servant_of_the_light,assets\cards\hulstom_servant_of_the_light.png
human_darkweaver,assets\cards\human_darkweaver.png
human_footman,assets\cards\human_footman.png
human_knight,assets\cards\human_knight.png
human_operative,assets\cards\human_operative.png
human_peasant,assets\cards\human_peasant.png
human_shield,assets\cards\human_shield.png
human_sniper,assets\cards\human_sniper.png
hungering_bone_cudgel,assets\cards\hungering_bone_cudgel.png
hungering_cold,assets\cards\hungering_cold.png
hungry_ghoul,assets\cards\hungry_ghoul.png
hunrik_blackiron,assets\cards\hunrik_blackiron.png
hunter_training,assets\cards\hunter_training.png
hunters_focus,assets\cards\hunters_focus.png
hunters_mark,assets\cards\hunters_mark.png
hunting_preparations,assets\cards\hunting_preparations.png
huntress,assets\cards\huntress.png
huntress_xenia,assets\cards\huntress_xenia.png
huntsman_gorwal,assets\cards\huntsman_gorwal.png
hur_shieldsmasher,assets\cards\hur_shieldsmasher.png
hurdan_the_everlasting,assets\cards\hurdan_the_everlasting.png
hurlorn_battlechaser,assets\cards\hurlorn_battlechaser.png
huroshal_gutwrench,assets\cards\huroshal_gutwrench.png
hurricane,assets\cards\hurricane.png
huruk_lightvow,assets\cards\huruk_lightvow.png
huzrula,assets\cards\huzrula.png
hyjal_stag,assets\cards\hyjal_stag.png
hymn_of_hope,assets\cards\hymn_of_hope.png
hypnotic_blade,assets\cards\hypnotic_blade.png
hysteria,assets\cards\hysteria.png
i_was_a_lot_of_things,assets\cards\i_was_a_lot_of_things.png
ian_barus,assets\cards\ian_barus.png
ian_lanstrick,assets\cards\ian_lanstrick.png
icaros_the_sunward,assets\cards\icaros_the_sunward.png
ice_barbed_spear,assets\cards\ice_barbed_spear.png
ice_barbs,assets\cards\ice_barbs.png
ice_barrier,assets\cards\ice_barrier.png
ice_block,assets\cards\ice_block.png
ice_lance,assets\cards\ice_lance.png
ice_nova,assets\cards\ice_nova.png
ice_prison,assets\cards\ice_prison.png
ice_trap,assets\cards\ice_trap.png
iceblade_hacker,assets\cards\iceblade_hacker.png
icemistress_galha,assets\cards\icemistress_galha.png
iceshear_mantle,assets\cards\iceshear_mantle.png
iceshriekers_touch,assets\cards\iceshriekers_touch.png
icon_of_the_silver_crescent,assets\cards\icon_of_the_silver_crescent.png
icy_blast_amulet,assets\cards\icy_blast_amulet.png
icy_impediment,assets\cards\icy_impediment.png
icy_scale_chestguard,assets\cards\icy_scale_chestguard.png
icy_torment,assets\cards\icy_torment.png
icy_veins,assets\cards\icy_veins.png
idol_of_the_shooting_star,assets\cards\idol_of_the_shooting_star.png
idrakess_enchantress,assets\cards\idrakess_enchantress.png
idrakess_mistress,assets\cards\idrakess_mistress.png
if_youre_not_against_us,assets\cards\if_youre_not_against_us.png
ignacious,assets\cards\ignacious.png
ikutak,assets\cards\ikutak.png
ilandre_moonspear,assets\cards\ilandre_moonspear.png
illia_the_bitter,assets\cards\illia_the_bitter.png
illidan_stormrage,assets\cards\illidan_stormrage.png
illidan_the_betrayer,assets\cards\illidan_the_betrayer.png
illidari_bane_mageblade,assets\cards\illidari_bane_mageblade.png
illiyana_moonblaze,assets\cards\illiyana_moonblaze.png
illumination,assets\cards\illumination.png
illusionary_rod,assets\cards\illusionary_rod.png
im_not_dead_yet,assets\cards\im_not_dead_yet.png
immobilize,assets\cards\immobilize.png
immolate,assets\cards\immolate.png
immolation_trap,assets\cards\immolation_trap.png
imp_lord_pinprik,assets\cards\imp_lord_pinprik.png
imp_mistress_noali,assets\cards\imp_mistress_noali.png
impale,assets\cards\impale.png
impaling_shot,assets\cards\impaling_shot.png
impede,assets\cards\impede.png
improvised_weaponry,assets\cards\improvised_weaponry.png
in_case_of_emergency,assets\cards\in_case_of_emergency.png
in_defense_of_halaa,assets\cards\in_defense_of_halaa.png
in_dreams,assets\cards\in_dreams.png
in_nightmares,assets\cards\in_nightmares.png
in_undending_numbers,assets\cards\in_undending_numbers.png
incapacitate,assets\cards\incapacitate.png
incendiary_totem,assets\cards\incendiary_totem.png
incinerate,assets\cards\incinerate.png
incursion_vestments,assets\cards\incursion_vestments.png
indalamar,assets\cards\indalamar.png
indauma_bloodfire,assets\cards\indauma_bloodfire.png
infectious_brutality,assets\cards\infectious_brutality.png
infernal,assets\cards\infernal.png
inferno_totem,assets\cards\inferno_totem.png
infestation,assets\cards\infestation.png
infiltrate,assets\cards\infiltrate.png
infinite_brilliance,assets\cards\infinite_brilliance.png
information_gathering,assets\cards\information_gathering.png
infuriate,assets\cards\infuriate.png
infusion_of_earth,assets\cards\infusion_of_earth.png
infusion_of_fortitude,assets\cards\infusion_of_fortitude.png
infusion_of_light,assets\cards\infusion_of_light.png
ingrid_shadowstorm,assets\cards\ingrid_shadowstorm.png
inner_fire,assets\cards\inner_fire.png
inner_focus,assets\cards\inner_focus.png
inner_rage,assets\cards\inner_rage.png
inner_will,assets\cards\inner_will.png
innervate,assets\cards\innervate.png
inoculation,assets\cards\inoculation.png
inquisition,assets\cards\inquisition.png
insect_swarm,assets\cards\insect_swarm.png
inspiring_light,assets\cards\inspiring_light.png
instant_poison,assets\cards\instant_poison.png
instructor_antheol,assets\cards\instructor_antheol.png
instructor_giralo,assets\cards\instructor_giralo.png
intensify,assets\cards\intensify.png
intensify_rage,assets\cards\intensify_rage.png
intercept,assets\cards\intercept.png
interest_you_in_a_pint,assets\cards\interest_you_in_a_pint.png
interfering_shot,assets\cards\interfering_shot.png
intervene,assets\cards\intervene.png
intervening_shot,assets\cards\intervening_shot.png
intimidation,assets\cards\intimidation.png
into_the_fray,assets\cards\into_the_fray.png
into_the_maw_of_madness,assets\cards\into_the_maw_of_madness.png
intuition,assets\cards\intuition.png
inventor_dorbin_callus,assets\cards\inventor_dorbin_callus.png
inventors_focal_sword,assets\cards\inventors_focal_sword.png
invigorate,assets\cards\invigorate.png
invigorating_touch,assets\cards\invigorating_touch.png
invincible,assets\cards\invincible.png
invisibility,assets\cards\invisibility.png
invocation,assets\cards\invocation.png
invoke_the_nether,assets\cards\invoke_the_nether.png
invulnerable_mail,assets\cards\invulnerable_mail.png
iravar,assets\cards\iravar.png
ironforge,assets\cards\ironforge.png
ironforge_guards,assets\cards\ironforge_guards.png
irontree_knives,assets\cards\irontree_knives.png
ishael_bloodlight,assets\cards\ishael_bloodlight.png
ishanah_high_priestess_of_the_aldor,assets\cards\ishanah_high_priestess_of_the_aldor.png
isiset_construct_of_magic,assets\cards\isiset_construct_of_magic.png
isorath,assets\cards\isorath.png
its_a_secret_to_everybody,assets\cards\its_a_secret_to_everybody.png
ivan_bladewind_brute,assets\cards\ivan_bladewind_brute.png
ivus_the_forest_lord,assets\cards\ivus_the_forest_lord.png
ixamos_the_corrupted,assets\cards\ixamos_the_corrupted.png
ixamos_the_redeemed,assets\cards\ixamos_the_redeemed.png
ixiya_the_attuned,assets\cards\ixiya_the_attuned.png
izza_spindleflame,assets\cards\izza_spindleflame.png
izzy_quizfiz,assets\cards\izzy_quizfiz.png
jaal,assets\cards\jaal.png
jack_coor,assets\cards\jack_coor.png
jackknife,assets\cards\jackknife.png
jadefire_felsworn,assets\cards\jadefire_felsworn.png
jadefire_hellcaller,assets\cards\jadefire_hellcaller.png
jadefire_netherseer,assets\cards\jadefire_netherseer.png
jadefire_rogue,assets\cards\jadefire_rogue.png
jadefire_satyr,assets\cards\jadefire_satyr.png
jadefire_scout,assets\cards\jadefire_scout.png
jadefire_soulstealer,assets\cards\jadefire_soulstealer.png
jadefire_trickster,assets\cards\jadefire_trickster.png
jaedan_sunshot,assets\cards\jaedan_sunshot.png
jaelen_the_ripper,assets\cards\jaelen_the_ripper.png
jaema_herald_of_the_light,assets\cards\jaema_herald_of_the_light.png
jaenel,assets\cards\jaenel.png
jaeva_the_relentless,assets\cards\jaeva_the_relentless.png
jagazul_the_wilds_fury,assets\cards\jagazul_the_wilds_fury.png
jagrok_herald_of_trickery,assets\cards\jagrok_herald_of_trickery.png
jai_dawnsteel,assets\cards\jai_dawnsteel.png
jaina_apprentice_of_antonidas,assets\cards\jaina_apprentice_of_antonidas.png
jaina_lady_of_theramore,assets\cards\jaina_lady_of_theramore.png
jaina_proudmoore,assets\cards\jaina_proudmoore.png
jainas_staff,assets\cards\jainas_staff.png
jak_the_bilgewater_bruiser,assets\cards\jak_the_bilgewater_bruiser.png
jaktip,assets\cards\jaktip.png
janvaru_the_thunderspeaker,assets\cards\janvaru_the_thunderspeaker.png
jar_soul,assets\cards\jar_soul.png
jarius_blackwood,assets\cards\jarius_blackwood.png
jarod_shadowsong,assets\cards\jarod_shadowsong.png
jaron_herald_of_the_hunt,assets\cards\jaron_herald_of_the_hunt.png
jaroth_lightguard,assets\cards\jaroth_lightguard.png
jarrod_gravon,assets\cards\jarrod_gravon.png
jasani_shrine_keeper,assets\cards\jasani_shrine_keeper.png
jasmia_natures_chosen,assets\cards\jasmia_natures_chosen.png
jasmine_von_ludrow,assets\cards\jasmine_von_ludrow.png
jav_stonewall,assets\cards\jav_stonewall.png
javeer,assets\cards\javeer.png
jaw_of_repudiation,assets\cards\jaw_of_repudiation.png
jazaron,assets\cards\jazaron.png
jazmin_bloodlove,assets\cards\jazmin_bloodlove.png
jazoona,assets\cards\jazoona.png
jeezee,assets\cards\jeezee.png
jeishal,assets\cards\jeishal.png
jekkresh,assets\cards\jekkresh.png
jeleane_nightbreeze,assets\cards\jeleane_nightbreeze.png
jeniva_prescott,assets\cards\jeniva_prescott.png
jeremiah_karvok,assets\cards\jeremiah_karvok.png
jerrak_krandle,assets\cards\jerrak_krandle.png
jerrick_valder,assets\cards\jerrick_valder.png
jessa_the_lifebound,assets\cards\jessa_the_lifebound.png
jessup_smythe,assets\cards\jessup_smythe.png
jevan_grimtotem,assets\cards\jevan_grimtotem.png
jewelcrafter_zanaz,assets\cards\jewelcrafter_zanaz.png
jexali,assets\cards\jexali.png
jezbella_of_karabor,assets\cards\jezbella_of_karabor.png
jezziki_shinebog,assets\cards\jezziki_shinebog.png
jhuunash,assets\cards\jhuunash.png
jilti,assets\cards\jilti.png
jindos_bag_of_whammies,assets\cards\jindos_bag_of_whammies.png
jindos_evil_eye,assets\cards\jindos_evil_eye.png
jindos_judgement,assets\cards\jindos_judgement.png
jinie_swizzleshade,assets\cards\jinie_swizzleshade.png
jinlak_nightfang,assets\cards\jinlak_nightfang.png
jinrohk_the_great_apocalypse,assets\cards\jinrohk_the_great_apocalypse.png
jinxy_blastwheel,assets\cards\jinxy_blastwheel.png
johnny_b_goode,assets\cards\johnny_b_goode.png
johnny_rotten,assets\cards\johnny_rotten.png
joleera,assets\cards\joleera.png
jon_reaver,assets\cards\jon_reaver.png
jonas_targan,assets\cards\jonas_targan.png
jonas_the_red,assets\cards\jonas_the_red.png
jonas_white,assets\cards\jonas_white.png
joren_the_martyr,assets\cards\joren_the_martyr.png
joru_the_blinding_light,assets\cards\joru_the_blinding_light.png
josiah_king,assets\cards\josiah_king.png
journeys_end,assets\cards\journeys_end.png
jubilee_arcspark,assets\cards\jubilee_arcspark.png
judgement_crown,assets\cards\judgement_crown.png
judgement_legplates,assets\cards\judgement_legplates.png
judgement_of_light,assets\cards\judgement_of_light.png
judgement_of_wisdom,assets\cards\judgement_of_wisdom.png
juggernaut,assets\cards\juggernaut.png
julia_graves,assets\cards\julia_graves.png
jumahko_thundersky,assets\cards\jumahko_thundersky.png
jumozin,assets\cards\jumozin.png
junkboxes_needed,assets\cards\junkboxes_needed.png
jurpak,assets\cards\jurpak.png
justicar_andaer_ragepaw,assets\cards\justicar_andaer_ragepaw.png
justicar_andra_goldblast,assets\cards\justicar_andra_goldblast.png
justicar_brace,assets\cards\justicar_brace.png
justicar_broxlo_frostnuggle,assets\cards\justicar_broxlo_frostnuggle.png
justicar_drathnea,assets\cards\justicar_drathnea.png
justicar_gavin_shadesticker,assets\cards\justicar_gavin_shadesticker.png
justicar_johanna_rastol,assets\cards\justicar_johanna_rastol.png
justicar_maxwell_forthright,assets\cards\justicar_maxwell_forthright.png
justicar_nimzi_banedrizzle,assets\cards\justicar_nimzi_banedrizzle.png
justicar_nordar_stonegrave,assets\cards\justicar_nordar_stonegrave.png
justicar_ularu,assets\cards\justicar_ularu.png
justice_blindburn,assets\cards\justice_blindburn.png
kaal_soulreaper,assets\cards\kaal_soulreaper.png
kaale,assets\cards\kaale.png
kadus_frosthand,assets\cards\kadus_frosthand.png
kaelon_herald_of_the_flame,assets\cards\kaelon_herald_of_the_flame.png
kaelos_sunscream,assets\cards\kaelos_sunscream.png
kaelyn_vineminder,assets\cards\kaelyn_vineminder.png
kaelzin,assets\cards\kaelzin.png
kaerie_defender_of_the_sunwell,assets\cards\kaerie_defender_of_the_sunwell.png
kagella_shadowmark,assets\cards\kagella_shadowmark.png
kagra_of_the_crossroads,assets\cards\kagra_of_the_crossroads.png
kagtha,assets\cards\kagtha.png
kahul_the_sunseer,assets\cards\kahul_the_sunseer.png
kailis_truearc,assets\cards\kailis_truearc.png
kalaan,assets\cards\kalaan.png
kalai_the_uplifting,assets\cards\kalai_the_uplifting.png
kalam_blacksteel,assets\cards\kalam_blacksteel.png
kalamti,assets\cards\kalamti.png
kalan_howland,assets\cards\kalan_howland.png
kalatine_carmichael,assets\cards\kalatine_carmichael.png
kaldorei_wind_chimes,assets\cards\kaldorei_wind_chimes.png
kaldric_stoutwhisker,assets\cards\kaldric_stoutwhisker.png
kalecgos,assets\cards\kalecgos.png
kalek_deepearth,assets\cards\kalek_deepearth.png
kallas_sunflame,assets\cards\kallas_sunflame.png
kallipssa,assets\cards\kallipssa.png
kalnuf_eagleheart,assets\cards\kalnuf_eagleheart.png
kamboozle_bringer_of_doom,assets\cards\kamboozle_bringer_of_doom.png
kampah,assets\cards\kampah.png
kana_nassis,assets\cards\kana_nassis.png
kane_the_arcanist,assets\cards\kane_the_arcanist.png
kanga_the_primal,assets\cards\kanga_the_primal.png
kaniya_the_steadfast,assets\cards\kaniya_the_steadfast.png
kara_vesstal,assets\cards\kara_vesstal.png
karaborian_talisman,assets\cards\karaborian_talisman.png
karazhan_concubine,assets\cards\karazhan_concubine.png
karina_of_silvermoon,assets\cards\karina_of_silvermoon.png
kark_baneblood,assets\cards\kark_baneblood.png
karkas_deathhowl,assets\cards\karkas_deathhowl.png
karrok_scarrend,assets\cards\karrok_scarrend.png
karta_foultongue,assets\cards\karta_foultongue.png
karuzak,assets\cards\karuzak.png
kassandra_flameheart,assets\cards\kassandra_flameheart.png
katali_stonetusk,assets\cards\katali_stonetusk.png
kathia_the_quick,assets\cards\kathia_the_quick.png
katianna_the_shrouded,assets\cards\katianna_the_shrouded.png
katoka_dreadblade,assets\cards\katoka_dreadblade.png
katsin_bloodoath,assets\cards\katsin_bloodoath.png
katu_lions_claw,assets\cards\katu_lions_claw.png
kavai_the_wanderer,assets\cards\kavai_the_wanderer.png
kavar_the_bloodthirsty,assets\cards\kavar_the_bloodthirsty.png
kayleitha,assets\cards\kayleitha.png
kazamon_steelskin,assets\cards\kazamon_steelskin.png
kazbaz,assets\cards\kazbaz.png
kazrogals_hardened_heart,assets\cards\kazrogals_hardened_heart.png
kedan_burstbeard,assets\cards\kedan_burstbeard.png
keegana_silvershield,assets\cards\keegana_silvershield.png
keening_shivarra,assets\cards\keening_shivarra.png
keeper_alinar,assets\cards\keeper_alinar.png
keeper_balos,assets\cards\keeper_balos.png
keeper_remulos,assets\cards\keeper_remulos.png
keeper_sharus,assets\cards\keeper_sharus.png
keeper_yarashal,assets\cards\keeper_yarashal.png
keldor_the_lost,assets\cards\keldor_the_lost.png
kelena_ashford,assets\cards\kelena_ashford.png
kelens_dagger_of_escape,assets\cards\kelens_dagger_of_escape.png
kelm_hargunth,assets\cards\kelm_hargunth.png
kelsa_wildfire,assets\cards\kelsa_wildfire.png
kelthuzad,assets\cards\kelthuzad.png
kelthuzards_reach,assets\cards\kelthuzards_reach.png
kelvor_valorshine,assets\cards\kelvor_valorshine.png
kena_shadowbrand,assets\cards\kena_shadowbrand.png
kentro_slade,assets\cards\kentro_slade.png
kerzok_plixboom,assets\cards\kerzok_plixboom.png
keward_rocksalt,assets\cards\keward_rocksalt.png
keward_the_ravager,assets\cards\keward_the_ravager.png
keys_to_the_armory,assets\cards\keys_to_the_armory.png
khadgar,assets\cards\khadgar.png
khadgars_kilt_of_abiuration,assets\cards\khadgars_kilt_of_abiuration.png
khorium_boar,assets\cards\khorium_boar.png
kiani_denara,assets\cards\kiani_denara.png
kiblers_exotic_pets,assets\cards\kiblers_exotic_pets.png
kick,assets\cards\kick.png
kick_thinking,assets\cards\kick_thinking.png
kickback_5000,assets\cards\kickback_5000.png
kidney_shot,assets\cards\kidney_shot.png
kieron_the_loaner,assets\cards\kieron_the_loaner.png
kiki_sparkbottom,assets\cards\kiki_sparkbottom.png
kileana_darkblaze,assets\cards\kileana_darkblaze.png
kileana_the_inferno,assets\cards\kileana_the_inferno.png
kilix_the_unraveler,assets\cards\kilix_the_unraveler.png
kiljaeden_the_deceiver,assets\cards\kiljaeden_the_deceiver.png
kill_command,assets\cards\kill_command.png
killing_spree,assets\cards\killing_spree.png
kilrek,assets\cards\kilrek.png
kilzin_of_the_bloodscalp,assets\cards\kilzin_of_the_bloodscalp.png
kilzin_of_the_darkspear,assets\cards\kilzin_of_the_darkspear.png
kimjael_indeed,assets\cards\kimjael_indeed.png
kindara_mindflayer,assets\cards\kindara_mindflayer.png
kindred_spirits,assets\cards\kindred_spirits.png
king_bargurgle_terror_of_the_tides,assets\cards\king_bargurgle_terror_of_the_tides.png
king_dreds_helm,assets\cards\king_dreds_helm.png
king_genn_greymane,assets\cards\king_genn_greymane.png
king_khan,assets\cards\king_khan.png
king_magni_bronzebeard,assets\cards\king_magni_bronzebeard.png
king_mukla,assets\cards\king_mukla.png
king_of_the_jungle,assets\cards\king_of_the_jungle.png
king_varian_wrynn,assets\cards\king_varian_wrynn.png
king_ymiron,assets\cards\king_ymiron.png
kings_defender,assets\cards\kings_defender.png
kingsbane,assets\cards\kingsbane.png
kinivus,assets\cards\kinivus.png
kinivus_the_focused,assets\cards\kinivus_the_focused.png
kino_the_cold,assets\cards\kino_the_cold.png
kintara_wintermoon,assets\cards\kintara_wintermoon.png
kinza_mistress_of_the_elements,assets\cards\kinza_mistress_of_the_elements.png
kirga_earthguard,assets\cards\kirga_earthguard.png
kirjen_fizzgar,assets\cards\kirjen_fizzgar.png
kiss_of_death,assets\cards\kiss_of_death.png
kistix_shockvat,assets\cards\kistix_shockvat.png
kiting,assets\cards\kiting.png
kizzli_grinderstub,assets\cards\kizzli_grinderstub.png
kjaran_the_callous,assets\cards\kjaran_the_callous.png
klandark,assets\cards\klandark.png
klannoc_macleod,assets\cards\klannoc_macleod.png
kloxx_dedrix,assets\cards\kloxx_dedrix.png
knife_throw,assets\cards\knife_throw.png
knight_karia,assets\cards\knight_karia.png
knock_out,assets\cards\knock_out.png
kodo_roundup,assets\cards\kodo_roundup.png
koeus,assets\cards\koeus.png
kogun_hammer_of_the_firelord,assets\cards\kogun_hammer_of_the_firelord.png
kolorath,assets\cards\kolorath.png
koltira_deathweaver,assets\cards\koltira_deathweaver.png
komma_timewalker_graveguard,assets\cards\komma_timewalker_graveguard.png
kor_cindervein,assets\cards\kor_cindervein.png
korah_icefang,assets\cards\korah_icefang.png
korbash_the_devastator,assets\cards\korbash_the_devastator.png
korgen_skullcleaver,assets\cards\korgen_skullcleaver.png
korialstrasz,assets\cards\korialstrasz.png
koringar_the_heavy,assets\cards\koringar_the_heavy.png
korkron_vanguard,assets\cards\korkron_vanguard.png
korlix_grimvik,assets\cards\korlix_grimvik.png
korthas_greybeard,assets\cards\korthas_greybeard.png
koth_caller_of_the_hunt,assets\cards\koth_caller_of_the_hunt.png
kozik_skullcracker,assets\cards\kozik_skullcracker.png
kralnor,assets\cards\kralnor.png
kraven_the_gravebound,assets\cards\kraven_the_gravebound.png
krax_gravesteel,assets\cards\krax_gravesteel.png
kraxos_chizzlecoin,assets\cards\kraxos_chizzlecoin.png
krayzin_firetusk,assets\cards\krayzin_firetusk.png
kraznix_smolderpain,assets\cards\kraznix_smolderpain.png
kreedom,assets\cards\kreedom.png
krenig_soulguard,assets\cards\krenig_soulguard.png
kress_herald_of_the_hunt,assets\cards\kress_herald_of_the_hunt.png
krezza_the_explosive,assets\cards\krezza_the_explosive.png
kristina_soulcinder,assets\cards\kristina_soulcinder.png
kristoff_manchester,assets\cards\kristoff_manchester.png
krixel_pinchwhistle,assets\cards\krixel_pinchwhistle.png
krog_the_deathfist,assets\cards\krog_the_deathfist.png
krogar_the_colossal,assets\cards\krogar_the_colossal.png
krol_blade,assets\cards\krol_blade.png
kromdar_herald_of_war,assets\cards\kromdar_herald_of_war.png
kronore,assets\cards\kronore.png
krumshal,assets\cards\krumshal.png
krunkle_deathspark,assets\cards\krunkle_deathspark.png
kryton_barleybeard,assets\cards\kryton_barleybeard.png
kuatha_mornhoof,assets\cards\kuatha_mornhoof.png
kulan_earthguard,assets\cards\kulan_earthguard.png
kulvo_jadefist,assets\cards\kulvo_jadefist.png
kungen_the_thunderer,assets\cards\kungen_the_thunderer.png
kurala_deadshot,assets\cards\kurala_deadshot.png
kurao_stormheart,assets\cards\kurao_stormheart.png
kurdran_wildhammer,assets\cards\kurdran_wildhammer.png
kuroc_greybeard,assets\cards\kuroc_greybeard.png
kurzon_the_false,assets\cards\kurzon_the_false.png
kuzvun,assets\cards\kuzvun.png
kyla_duskrider,assets\cards\kyla_duskrider.png
kylai_darkblood,assets\cards\kylai_darkblood.png
kylanda_the_harmonious,assets\cards\kylanda_the_harmonious.png
kyroth_steelspite,assets\cards\kyroth_steelspite.png
kysa_shadowstalker,assets\cards\kysa_shadowstalker.png
lacerate,assets\cards\lacerate.png
lady_bancroft,assets\cards\lady_bancroft.png
lady_courtney_noel,assets\cards\lady_courtney_noel.png
lady_jaina_proudmoore,assets\cards\lady_jaina_proudmoore.png
lady_kath,assets\cards\lady_kath.png
lady_katrana_prestor,assets\cards\lady_katrana_prestor.png
lady_nazjar,assets\cards\lady_nazjar.png
lady_sirakess,assets\cards\lady_sirakess.png
lady_vashj,assets\cards\lady_vashj.png
lady_voltaire,assets\cards\lady_voltaire.png
laenthor_shademoon,assets\cards\laenthor_shademoon.png
laetho_moonbranch,assets\cards\laetho_moonbranch.png
lafiel,assets\cards\lafiel.png
lairin_the_grounded,assets\cards\lairin_the_grounded.png
landon_dunavin,assets\cards\landon_dunavin.png
landro_longshot,assets\cards\landro_longshot.png
landros_gift,assets\cards\landros_gift.png
landros_hitching_post,assets\cards\landros_hitching_post.png
landros_lichling,assets\cards\landros_lichling.png
landros_lil_xt,assets\cards\landros_lil_xt.png
lanthus_of_the_forest,assets\cards\lanthus_of_the_forest.png
lanthus_the_restorer,assets\cards\lanthus_the_restorer.png
lara_timewalker_commander,assets\cards\lara_timewalker_commander.png
larrington_zarus,assets\cards\larrington_zarus.png
larrisa_valorshield,assets\cards\larrisa_valorshield.png
last_laugh,assets\cards\last_laugh.png
last_of_her_kind,assets\cards\last_of_her_kind.png
last_stand,assets\cards\last_stand.png
latro_abiectus,assets\cards\latro_abiectus.png
latros_shifting_sword,assets\cards\latros_shifting_sword.png
lava_bolt_crossbow,assets\cards\lava_bolt_crossbow.png
lava_burst,assets\cards\lava_burst.png
lava_shock,assets\cards\lava_shock.png
lava_spine,assets\cards\lava_spine.png
lava_strike,assets\cards\lava_strike.png
lay_on_hands,assets\cards\lay_on_hands.png
lazarus_marrowbane,assets\cards\lazarus_marrowbane.png
lazy_peons,assets\cards\lazy_peons.png
lead_astray,assets\cards\lead_astray.png
leader_of_the_bloodscale,assets\cards\leader_of_the_bloodscale.png
leader_of_the_darkcrest,assets\cards\leader_of_the_darkcrest.png
leader_of_the_pack,assets\cards\leader_of_the_pack.png
leafbeard_ancient_of_lore,assets\cards\leafbeard_ancient_of_lore.png
leap_of_faith,assets\cards\leap_of_faith.png
leeching_fever,assets\cards\leeching_fever.png
leeroy_jenkins,assets\cards\leeroy_jenkins.png
leeza_tomb_robber,assets\cards\leeza_tomb_robber.png
legacy_of_arlokk,assets\cards\legacy_of_arlokk.png
legacy_of_betrayal,assets\cards\legacy_of_betrayal.png
legacy_of_lordaeron,assets\cards\legacy_of_lordaeron.png
legacy_of_stormrage,assets\cards\legacy_of_stormrage.png
legacy_of_the_damned,assets\cards\legacy_of_the_damned.png
legacy_of_the_horde,assets\cards\legacy_of_the_horde.png
legacy_of_the_legion,assets\cards\legacy_of_the_legion.png
legend_of_mount_hyjal,assets\cards\legend_of_mount_hyjal.png
legendary_heroes,assets\cards\legendary_heroes.png
legendary_leathers_dalaran,assets\cards\legendary_leathers_dalaran.png
leggings_of_the_honored,assets\cards\leggings_of_the_honored.png
leggings_of_the_tireless_sentry,assets\cards\leggings_of_the_tireless_sentry.png
leggings_of_the_vanquished_usurper,assets\cards\leggings_of_the_vanquished_usurper.png
leggings_of_transcendence,assets\cards\leggings_of_transcendence.png
legguards_of_the_legion,assets\cards\legguards_of_the_legion.png
legguards_of_the_shattered_hand,assets\cards\legguards_of_the_shattered_hand.png
legion_fel_reaver,assets\cards\legion_fel_reaver.png
legplates_of_ten_storms,assets\cards\legplates_of_ten_storms.png
legplates_of_the_endless_void,assets\cards\legplates_of_the_endless_void.png
legplates_of_wrath,assets\cards\legplates_of_wrath.png
legwraps_of_the_master_conjurer,assets\cards\legwraps_of_the_master_conjurer.png
lei_of_lilies,assets\cards\lei_of_lilies.png
lelora_sunlancer,assets\cards\lelora_sunlancer.png
lelora_the_dawnslayer,assets\cards\lelora_the_dawnslayer.png
lena_naville,assets\cards\lena_naville.png
leoroxx,assets\cards\leoroxx.png
lessa_the_awakener,assets\cards\lessa_the_awakener.png
lesser_heal,assets\cards\lesser_heal.png
lesson_of_the_arcane,assets\cards\lesson_of_the_arcane.png
lesson_of_the_beast,assets\cards\lesson_of_the_beast.png
lesson_of_the_call,assets\cards\lesson_of_the_call.png
lesson_of_the_divine,assets\cards\lesson_of_the_divine.png
lesson_of_the_elements,assets\cards\lesson_of_the_elements.png
lesson_of_the_grave,assets\cards\lesson_of_the_grave.png
lesson_of_the_light,assets\cards\lesson_of_the_light.png
lesson_of_the_nether,assets\cards\lesson_of_the_nether.png
lesson_of_the_shadow,assets\cards\lesson_of_the_shadow.png
lesson_of_the_wild,assets\cards\lesson_of_the_wild.png
lessons_in_lurking,assets\cards\lessons_in_lurking.png
levander_of_the_sanguine_shot,assets\cards\levander_of_the_sanguine_shot.png
levitate,assets\cards\levitate.png
levixus_the_soul_caller,assets\cards\levixus_the_soul_caller.png
lexie_silverblade,assets\cards\lexie_silverblade.png
lhurg_venomblade,assets\cards\lhurg_venomblade.png
liandra_rustshadow,assets\cards\liandra_rustshadow.png
liars_tongue_gloves,assets\cards\liars_tongue_gloves.png
liba_wobblebonk,assets\cards\liba_wobblebonk.png
libram_of_radiance,assets\cards\libram_of_radiance.png
lie_in_wait,assets\cards\lie_in_wait.png
lietenant_horatio_laine,assets\cards\lietenant_horatio_laine.png
life_and_death,assets\cards\life_and_death.png
life_arc,assets\cards\life_arc.png
life_binders_locket,assets\cards\life_binders_locket.png
life_cycle,assets\cards\life_cycle.png
life_drain,assets\cards\life_drain.png
life_of_the_land,assets\cards\life_of_the_land.png
life_staff_of_the_web_lair,assets\cards\life_staff_of_the_web_lair.png
life_tap,assets\cards\life_tap.png
lifeblade_of_belgaristrasz,assets\cards\lifeblade_of_belgaristrasz.png
lifebloom,assets\cards\lifebloom.png
lifemender_dorn,assets\cards\lifemender_dorn.png
lifemistress_tanagra,assets\cards\lifemistress_tanagra.png
light_of_dawn,assets\cards\light_of_dawn.png
light_of_reckoning,assets\cards\light_of_reckoning.png
light_of_the_naaru,assets\cards\light_of_the_naaru.png
light_within_the_darkness,assets\cards\light_within_the_darkness.png
lightlance,assets\cards\lightlance.png
lightning_arc,assets\cards\lightning_arc.png
lightning_bolt,assets\cards\lightning_bolt.png
lightning_in_a_bottle,assets\cards\lightning_in_a_bottle.png
lightning_overload,assets\cards\lightning_overload.png
lightning_reflexes,assets\cards\lightning_reflexes.png
lightning_shield,assets\cards\lightning_shield.png
lightning_storm,assets\cards\lightning_storm.png
lightning_whelk_axe,assets\cards\lightning_whelk_axe.png
lightningflash,assets\cards\lightningflash.png
lights_embrace,assets\cards\lights_embrace.png
lights_justice,assets\cards\lights_justice.png
lights_vengeance,assets\cards\lights_vengeance.png
lightwardens_band,assets\cards\lightwardens_band.png
lightwell,assets\cards\lightwell.png
lilith_smythe,assets\cards\lilith_smythe.png
lilnas_the_calm,assets\cards\lilnas_the_calm.png
lionar_the_blood_cursed,assets\cards\lionar_the_blood_cursed.png
lionar_unbound,assets\cards\lionar_unbound.png
lionheart_helm,assets\cards\lionheart_helm.png
lions_tigers_and_bears,assets\cards\lions_tigers_and_bears.png
lissie_spizfrat,assets\cards\lissie_spizfrat.png
litori_frostburn,assets\cards\litori_frostburn.png
living_bomb,assets\cards\living_bomb.png
living_pyre,assets\cards\living_pyre.png
living_roots,assets\cards\living_roots.png
living_seed,assets\cards\living_seed.png
llyras_keeneye,assets\cards\llyras_keeneye.png
loate_grimtusk,assets\cards\loate_grimtusk.png
lobotomize,assets\cards\lobotomize.png
locked_away,assets\cards\locked_away.png
lockjaw,assets\cards\lockjaw.png
lockmaw,assets\cards\lockmaw.png
lodur_herald_of_the_elements,assets\cards\lodur_herald_of_the_elements.png
logor_blackfist,assets\cards\logor_blackfist.png
logosh,assets\cards\logosh.png
lohngoron_bow_of_the_torn_heart,assets\cards\lohngoron_bow_of_the_torn_heart.png
lokdelar_stave_of_the_ancient_keepers,assets\cards\lokdelar_stave_of_the_ancient_keepers.png
lokholar_the_ice_lord,assets\cards\lokholar_the_ice_lord.png
lolly_the_unsuspecting,assets\cards\lolly_the_unsuspecting.png
loque,assets\cards\loque.png
loraala,assets\cards\loraala.png
loraala_the_frigid,assets\cards\loraala_the_frigid.png
lord_afrasastrasz,assets\cards\lord_afrasastrasz.png
lord_alexanders_battle_axe,assets\cards\lord_alexanders_battle_axe.png
lord_benjamin_tremendouson,assets\cards\lord_benjamin_tremendouson.png
lord_cindervein,assets\cards\lord_cindervein.png
lord_darion_mograine,assets\cards\lord_darion_mograine.png
lord_darius_crowley,assets\cards\lord_darius_crowley.png
lord_godfrey,assets\cards\lord_godfrey.png
lord_grayson_shadowbreaker,assets\cards\lord_grayson_shadowbreaker.png
lord_jorach_ravenholdt,assets\cards\lord_jorach_ravenholdt.png
lord_kurtalos_ravencrest,assets\cards\lord_kurtalos_ravencrest.png
lordann_the_bloodreaver,assets\cards\lordann_the_bloodreaver.png
lordbane_scepter,assets\cards\lordbane_scepter.png
lorekeeper_darian,assets\cards\lorekeeper_darian.png
loremaster_pooth,assets\cards\loremaster_pooth.png
loriam_argos,assets\cards\loriam_argos.png
lorraina_the_red_harbinger,assets\cards\lorraina_the_red_harbinger.png
lorthemar_theron,assets\cards\lorthemar_theron.png
lorthemar_theron_regent_lord,assets\cards\lorthemar_theron_regent_lord.png
lose_control,assets\cards\lose_control.png
lost,assets\cards\lost.png
lost_isles,assets\cards\lost_isles.png
lothars_edge,assets\cards\lothars_edge.png
lowdown_luppo_shadefizzle,assets\cards\lowdown_luppo_shadefizzle.png
lt_commander_dudefella,assets\cards\lt_commander_dudefella.png
lucky_strike_axe,assets\cards\lucky_strike_axe.png
lucy_elizabeth,assets\cards\lucy_elizabeth.png
luka_de_wall,assets\cards\luka_de_wall.png
lumbering_ogre_axe,assets\cards\lumbering_ogre_axe.png
lunar_barrage,assets\cards\lunar_barrage.png
lunaris_silverfrost,assets\cards\lunaris_silverfrost.png
lunen_the_moon_baron,assets\cards\lunen_the_moon_baron.png
lunira_swiftbreath,assets\cards\lunira_swiftbreath.png
lust_for_battle,assets\cards\lust_for_battle.png
luumon,assets\cards\luumon.png
lynda_steele,assets\cards\lynda_steele.png
lynxia,assets\cards\lynxia.png
lyra_timewalker_embermage,assets\cards\lyra_timewalker_embermage.png
lyrana_of_eldrethalas,assets\cards\lyrana_of_eldrethalas.png
lyshala_ravenshot,assets\cards\lyshala_ravenshot.png
maazhum,assets\cards\maazhum.png
madeline_prideheart,assets\cards\madeline_prideheart.png
madison_alters,assets\cards\madison_alters.png
madrea_bluntbrew,assets\cards\madrea_bluntbrew.png
maelstrom_weapon,assets\cards\maelstrom_weapon.png
maeryl_leafstrike,assets\cards\maeryl_leafstrike.png
magatha_grimtotem,assets\cards\magatha_grimtotem.png
mage_armor,assets\cards\mage_armor.png
mage_training,assets\cards\mage_training.png
magical_ogre_idol,assets\cards\magical_ogre_idol.png
magiskull_cuffs,assets\cards\magiskull_cuffs.png
magister_ashi,assets\cards\magister_ashi.png
magister_lashan,assets\cards\magister_lashan.png
magistrix_dianas,assets\cards\magistrix_dianas.png
magistrix_fyalenn,assets\cards\magistrix_fyalenn.png
magistrix_larynna,assets\cards\magistrix_larynna.png
magistrix_maelnerana,assets\cards\magistrix_maelnerana.png
magistrix_oleinas,assets\cards\magistrix_oleinas.png
magistrix_tibrana,assets\cards\magistrix_tibrana.png
magistrix_valthin,assets\cards\magistrix_valthin.png
magma_blast,assets\cards\magma_blast.png
magma_spike,assets\cards\magma_spike.png
magma_totem,assets\cards\magma_totem.png
magnetic_totem,assets\cards\magnetic_totem.png
magni_the_mountain_king,assets\cards\magni_the_mountain_king.png
magnificent_flying_carpet,assets\cards\magnificent_flying_carpet.png
magnus_longbarrel,assets\cards\magnus_longbarrel.png
magnus_the_depriver,assets\cards\magnus_the_depriver.png
magraff_sparroweye_ironhammer,assets\cards\magraff_sparroweye_ironhammer.png
magran_proudstep,assets\cards\magran_proudstep.png
mahna_lightsky,assets\cards\mahna_lightsky.png
maiev_shadowsong,assets\cards\maiev_shadowsong.png
maim,assets\cards\maim.png
maimgors_bite,assets\cards\maimgors_bite.png
major_healing_potion,assets\cards\major_healing_potion.png
makta_the_rumbler,assets\cards\makta_the_rumbler.png
makuna_hatada,assets\cards\makuna_hatada.png
malar_silverfrost,assets\cards\malar_silverfrost.png
malaxia_wizwhirl,assets\cards\malaxia_wizwhirl.png
malazar_eldrach,assets\cards\malazar_eldrach.png
malefic_necromancer,assets\cards\malefic_necromancer.png
maleo_the_blur,assets\cards\maleo_the_blur.png
malfunction,assets\cards\malfunction.png
malfurion_stormrage,assets\cards\malfurion_stormrage.png
malfurions_gift,assets\cards\malfurions_gift.png
malganis,assets\cards\malganis.png
malice_from_beyond,assets\cards\malice_from_beyond.png
malicious_mallina,assets\cards\malicious_mallina.png
malistra_the_demonmistress,assets\cards\malistra_the_demonmistress.png
mallory_the_maniacal,assets\cards\mallory_the_maniacal.png
maloc_herald_of_trickery,assets\cards\maloc_herald_of_trickery.png
maloduri,assets\cards\maloduri.png
malorne_the_white_stag,assets\cards\malorne_the_white_stag.png
mana_agate,assets\cards\mana_agate.png
mana_burn,assets\cards\mana_burn.png
mana_burst,assets\cards\mana_burst.png
mana_diamond,assets\cards\mana_diamond.png
mana_etched_crown,assets\cards\mana_etched_crown.png
mana_etched_pantaloons,assets\cards\mana_etched_pantaloons.png
mana_etched_spaulders,assets\cards\mana_etched_spaulders.png
mana_etched_vestments,assets\cards\mana_etched_vestments.png
mana_jade,assets\cards\mana_jade.png
mana_ruby,assets\cards\mana_ruby.png
mana_sapphire,assets\cards\mana_sapphire.png
mana_shield,assets\cards\mana_shield.png
mana_shift,assets\cards\mana_shift.png
mana_sphere_shoulderguards,assets\cards\mana_sphere_shoulderguards.png
mana_spring_totem,assets\cards\mana_spring_totem.png
mana_tide_totem,assets\cards\mana_tide_totem.png
manaflow,assets\cards\manaflow.png
manaforge_bnaar,assets\cards\manaforge_bnaar.png
manaspark_gloves,assets\cards\manaspark_gloves.png
mandible_of_bethtilac,assets\cards\mandible_of_bethtilac.png
mandokirs_tribute,assets\cards\mandokirs_tribute.png
manhunt,assets\cards\manhunt.png
mannoroth_the_destructor,assets\cards\mannoroth_the_destructor.png
mannoroth_the_flayer,assets\cards\mannoroth_the_flayer.png
manthos_the_recently_sewn,assets\cards\manthos_the_recently_sewn.png
mantle_of_abrahmis,assets\cards\mantle_of_abrahmis.png
mantle_of_master_cho,assets\cards\mantle_of_master_cho.png
marauding_geist,assets\cards\marauding_geist.png
march_of_the_treants,assets\cards\march_of_the_treants.png
marcus_dominar,assets\cards\marcus_dominar.png
mardun_valorhearth,assets\cards\mardun_valorhearth.png
margaret_fowl,assets\cards\margaret_fowl.png
marilyn_of_the_sacred_vows,assets\cards\marilyn_of_the_sacred_vows.png
marius_jator,assets\cards\marius_jator.png
mark_of_ceanrius,assets\cards\mark_of_ceanrius.png
mark_of_elderlimb,assets\cards\mark_of_elderlimb.png
mark_of_goldrinn,assets\cards\mark_of_goldrinn.png
mark_of_growth,assets\cards\mark_of_growth.png
mark_of_life,assets\cards\mark_of_life.png
mark_of_malorne,assets\cards\mark_of_malorne.png
mark_of_restoration,assets\cards\mark_of_restoration.png
mark_of_the_ancients,assets\cards\mark_of_the_ancients.png
mark_of_the_untamed,assets\cards\mark_of_the_untamed.png
mark_of_the_wild,assets\cards\mark_of_the_wild.png
mark_of_undeath,assets\cards\mark_of_undeath.png
mark_v_is_alive,assets\cards\mark_v_is_alive.png
marka_addington,assets\cards\marka_addington.png
marked_for_death,assets\cards\marked_for_death.png
marks_of_kiljaeden,assets\cards\marks_of_kiljaeden.png
marksman_boriz,assets\cards\marksman_boriz.png
marksman_eowan,assets\cards\marksman_eowan.png
marksman_glous,assets\cards\marksman_glous.png
marksmans_legguards,assets\cards\marksmans_legguards.png
marlowe_christophers,assets\cards\marlowe_christophers.png
marlowe_the_felsworn,assets\cards\marlowe_the_felsworn.png
marnie_moonlight,assets\cards\marnie_moonlight.png
marshal_reginald_windsor,assets\cards\marshal_reginald_windsor.png
marta_spires,assets\cards\marta_spires.png
martiana_the_mindwrench,assets\cards\martiana_the_mindwrench.png
martyrs_mending,assets\cards\martyrs_mending.png
marundal_the_kindred,assets\cards\marundal_the_kindred.png
mask_of_death,assets\cards\mask_of_death.png
masons_fraternity_ring,assets\cards\masons_fraternity_ring.png
masquerade_gown,assets\cards\masquerade_gown.png
mass_dispel,assets\cards\mass_dispel.png
mass_of_mcgowan,assets\cards\mass_of_mcgowan.png
mass_purge,assets\cards\mass_purge.png
mass_redemption,assets\cards\mass_redemption.png
mass_revival,assets\cards\mass_revival.png
mass_teleport,assets\cards\mass_teleport.png
massacre,assets\cards\massacre.png
masten_everspirit,assets\cards\masten_everspirit.png
master_cannoneer_boots,assets\cards\master_cannoneer_boots.png
master_instinct,assets\cards\master_instinct.png
master_marksman,assets\cards\master_marksman.png
master_marksman_mcgee,assets\cards\master_marksman_mcgee.png
master_mathias_shaw,assets\cards\master_mathias_shaw.png
master_of_deception,assets\cards\master_of_deception.png
master_of_the_hunt,assets\cards\master_of_the_hunt.png
master_poisoner,assets\cards\master_poisoner.png
master_sniper_simon_mckey,assets\cards\master_sniper_simon_mckey.png
masters_call,assets\cards\masters_call.png
masters_embrace,assets\cards\masters_embrace.png
masters_stable,assets\cards\masters_stable.png
masterwork_stormhammer,assets\cards\masterwork_stormhammer.png
matalo_trailfinder,assets\cards\matalo_trailfinder.png
maul,assets\cards\maul.png
maurice_steelson,assets\cards\maurice_steelson.png
maw_of_the_dragonlord,assets\cards\maw_of_the_dragonlord.png
maxie_the_blaster,assets\cards\maxie_the_blaster.png
maxum_ironbrew,assets\cards\maxum_ironbrew.png
mayla_finksputter,assets\cards\mayla_finksputter.png
mazar,assets\cards\mazar.png
mazukon,assets\cards\mazukon.png
mccloud_the_fox,assets\cards\mccloud_the_fox.png
medallion_of_the_alliance,assets\cards\medallion_of_the_alliance.png
medallion_of_the_horde,assets\cards\medallion_of_the_horde.png
medallion_of_the_lightbearer,assets\cards\medallion_of_the_lightbearer.png
medivh_the_corrupted,assets\cards\medivh_the_corrupted.png
medivh_the_prophet,assets\cards\medivh_the_prophet.png
medivhs_journal,assets\cards\medivhs_journal.png
medoc_spiritwarden,assets\cards\medoc_spiritwarden.png
meekway_humzinger,assets\cards\meekway_humzinger.png
meeting_stone,assets\cards\meeting_stone.png
meeting_with_the_master,assets\cards\meeting_with_the_master.png
megamorph,assets\cards\megamorph.png
meganna_callaghan,assets\cards\meganna_callaghan.png
meganna_the_stalker,assets\cards\meganna_the_stalker.png
mekkatorque_king_of_the_gnomes,assets\cards\mekkatorque_king_of_the_gnomes.png
melgwy_pingzot,assets\cards\melgwy_pingzot.png
melissa_gerrard,assets\cards\melissa_gerrard.png
melodious_slippers,assets\cards\melodious_slippers.png
melt_face,assets\cards\melt_face.png
meltdown,assets\cards\meltdown.png
memento_of_tyrande,assets\cards\memento_of_tyrande.png
memri_the_channeler,assets\cards\memri_the_channeler.png
menace,assets\cards\menace.png
mend_or_end,assets\cards\mend_or_end.png
mental_anguish,assets\cards\mental_anguish.png
mental_focus,assets\cards\mental_focus.png
mercenary_dominic,assets\cards\mercenary_dominic.png
merciless_gladiators_battlegear,assets\cards\merciless_gladiators_battlegear.png
merciless_gladiators_crossbow_of_the_phoenix,assets\cards\merciless_gladiators_crossbow_of_the_phoenix.png
merciless_gladiators_gavel,assets\cards\merciless_gladiators_gavel.png
merciless_gladiators_greatsword,assets\cards\merciless_gladiators_greatsword.png
merciless_gladiators_pursuit,assets\cards\merciless_gladiators_pursuit.png
merciless_gladiators_raiment,assets\cards\merciless_gladiators_raiment.png
merciless_strikes,assets\cards\merciless_strikes.png
mercy_for_the_bound,assets\cards\mercy_for_the_bound.png
merissa_firebrew,assets\cards\merissa_firebrew.png
merithra,assets\cards\merithra.png
metalmorph,assets\cards\metalmorph.png
metamorphosis,assets\cards\metamorphosis.png
meteor_shard,assets\cards\meteor_shard.png
mezzik_darkspark,assets\cards\mezzik_darkspark.png
miandra,assets\cards\miandra.png
mias_the_fair,assets\cards\mias_the_fair.png
mias_the_putrid,assets\cards\mias_the_putrid.png
michael_garrett_bat_handler,assets\cards\michael_garrett_bat_handler.png
mighty_shadow_protection_potion,assets\cards\mighty_shadow_protection_potion.png
mikael_the_blunt,assets\cards\mikael_the_blunt.png
militia_commander_balor,assets\cards\militia_commander_balor.png
millennium_blade,assets\cards\millennium_blade.png
millhouse_manastorm,assets\cards\millhouse_manastorm.png
milo_the_unmerciful,assets\cards\milo_the_unmerciful.png
mind_blast,assets\cards\mind_blast.png
mind_control,assets\cards\mind_control.png
mind_crush,assets\cards\mind_crush.png
mind_melt,assets\cards\mind_melt.png
mind_numbing_poison,assets\cards\mind_numbing_poison.png
mind_sear,assets\cards\mind_sear.png
mind_shatter,assets\cards\mind_shatter.png
mind_soothe,assets\cards\mind_soothe.png
mind_spike,assets\cards\mind_spike.png
mind_vision,assets\cards\mind_vision.png
mind_wipe,assets\cards\mind_wipe.png
mindbender_ghursha,assets\cards\mindbender_ghursha.png
mindbender_gursha,assets\cards\mindbender_gursha.png
mindflip,assets\cards\mindflip.png
mindtwister_quimtrix,assets\cards\mindtwister_quimtrix.png
miner_harshdin,assets\cards\miner_harshdin.png
miner_moggun,assets\cards\miner_moggun.png
miner_steelwhiskers,assets\cards\miner_steelwhiskers.png
miner_stonedeep,assets\cards\miner_stonedeep.png
miniature_voodoo_mask,assets\cards\miniature_voodoo_mask.png
mining_monkey,assets\cards\mining_monkey.png
minions_of_the_shadow_council,assets\cards\minions_of_the_shadow_council.png
mioma_shadowflint,assets\cards\mioma_shadowflint.png
miranda_mcmiserson,assets\cards\miranda_mcmiserson.png
mirror_image,assets\cards\mirror_image.png
misdirection,assets\cards\misdirection.png
misery,assets\cards\misery.png
mission_the_abyssal_shelf,assets\cards\mission_the_abyssal_shelf.png
mist_of_corrsion,assets\cards\mist_of_corrsion.png
mistress_naila_flameburst,assets\cards\mistress_naila_flameburst.png
mistress_nesala,assets\cards\mistress_nesala.png
mithran_the_sniper,assets\cards\mithran_the_sniper.png
mithrios_bronzebeards_legacy,assets\cards\mithrios_bronzebeards_legacy.png
mixi_crankhaven,assets\cards\mixi_crankhaven.png
moala_stonebinder,assets\cards\moala_stonebinder.png
moarg_punisher,assets\cards\moarg_punisher.png
moccasins_of_verdurous_glooms,assets\cards\moccasins_of_verdurous_glooms.png
mocking_blow,assets\cards\mocking_blow.png
modric_sternbeard,assets\cards\modric_sternbeard.png
mogdar_the_frozenheart,assets\cards\mogdar_the_frozenheart.png
mogor,assets\cards\mogor.png
mogors_anointing_club,assets\cards\mogors_anointing_club.png
mograines_might,assets\cards\mograines_might.png
moharu_the_skyseer,assets\cards\moharu_the_skyseer.png
moira_darkheart,assets\cards\moira_darkheart.png
mojo_doctor_zintar,assets\cards\mojo_doctor_zintar.png
mojo_masher_shakko,assets\cards\mojo_masher_shakko.png
mojo_masher_vendango,assets\cards\mojo_masher_vendango.png
mojo_master_zandum,assets\cards\mojo_master_zandum.png
mojo_mender_janah,assets\cards\mojo_mender_janah.png
mojo_mistress_zurania,assets\cards\mojo_mistress_zurania.png
mojo_shaper_ojomon,assets\cards\mojo_shaper_ojomon.png
mokdrul,assets\cards\mokdrul.png
moknathal_wildercloak,assets\cards\moknathal_wildercloak.png
moko_hunts_at_dawn,assets\cards\moko_hunts_at_dawn.png
mollie_brightheart,assets\cards\mollie_brightheart.png
molten_armor,assets\cards\molten_armor.png
molten_scorch,assets\cards\molten_scorch.png
mongoose_bite,assets\cards\mongoose_bite.png
monstrous_boon,assets\cards\monstrous_boon.png
monstrous_cleave,assets\cards\monstrous_cleave.png
monstrous_essence,assets\cards\monstrous_essence.png
monstrous_frostbolt_volley,assets\cards\monstrous_frostbolt_volley.png
monstrous_heal,assets\cards\monstrous_heal.png
monstrous_intervention,assets\cards\monstrous_intervention.png
monstrous_mark,assets\cards\monstrous_mark.png
monstrous_regeneration,assets\cards\monstrous_regeneration.png
monstrous_rush,assets\cards\monstrous_rush.png
monstrous_strength,assets\cards\monstrous_strength.png
monstrous_strike,assets\cards\monstrous_strike.png
monstrous_terrorguard,assets\cards\monstrous_terrorguard.png
monstrous_totem,assets\cards\monstrous_totem.png
monstrous_upheaval,assets\cards\monstrous_upheaval.png
monstrous_vengeance,assets\cards\monstrous_vengeance.png
monstrous_void,assets\cards\monstrous_void.png
mooncaller_jynalla_nightpath,assets\cards\mooncaller_jynalla_nightpath.png
mooncloth_robe,assets\cards\mooncloth_robe.png
moonfire,assets\cards\moonfire.png
moonflare,assets\cards\moonflare.png
moonkin_form,assets\cards\moonkin_form.png
moonshadow,assets\cards\moonshadow.png
moonshard,assets\cards\moonshard.png
moonstrider_boots,assets\cards\moonstrider_boots.png
morarg_doomsmith,assets\cards\morarg_doomsmith.png
mordotz,assets\cards\mordotz.png
more_work,assets\cards\more_work.png
morfiel,assets\cards\morfiel.png
morganis_blackvein,assets\cards\morganis_blackvein.png
morik,assets\cards\morik.png
morkad_sharptooth,assets\cards\morkad_sharptooth.png
morlug_soulslaver,assets\cards\morlug_soulslaver.png
morn_salts_the_land,assets\cards\morn_salts_the_land.png
morn_walks_the_path,assets\cards\morn_walks_the_path.png
moro_timewalker_druid,assets\cards\moro_timewalker_druid.png
moro_wildmesa,assets\cards\moro_wildmesa.png
moroes,assets\cards\moroes.png
moroes_lucky_pocket_watch,assets\cards\moroes_lucky_pocket_watch.png
morova_of_the_sands,assets\cards\morova_of_the_sands.png
mortal_delights,assets\cards\mortal_delights.png
mortal_slash,assets\cards\mortal_slash.png
mortal_strike,assets\cards\mortal_strike.png
mortok,assets\cards\mortok.png
morzul_bloodbringer,assets\cards\morzul_bloodbringer.png
mossbark_ancient_of_war,assets\cards\mossbark_ancient_of_war.png
mother_misery,assets\cards\mother_misery.png
mothra,assets\cards\mothra.png
mottled_drake,assets\cards\mottled_drake.png
mr_goldmines_wild_ride,assets\cards\mr_goldmines_wild_ride.png
muddle,assets\cards\muddle.png
muggers_belt,assets\cards\muggers_belt.png
mulgore,assets\cards\mulgore.png
mulgore_deathwalker,assets\cards\mulgore_deathwalker.png
mulgore_guardian,assets\cards\mulgore_guardian.png
muln_earthfury,assets\cards\muln_earthfury.png
multi_shot,assets\cards\multi_shot.png
muluno_sunbreath,assets\cards\muluno_sunbreath.png
munkin_blackfist,assets\cards\munkin_blackfist.png
muradin_bronzebeard,assets\cards\muradin_bronzebeard.png
muradin_bronzebeard_adventurer,assets\cards\muradin_bronzebeard_adventurer.png
murderous_torment,assets\cards\murderous_torment.png
murkdeep,assets\cards\murkdeep.png
murloc_coastrunner,assets\cards\murloc_coastrunner.png
murozond_the_lord_of_the_infinite,assets\cards\murozond_the_lord_of_the_infinite.png
murphy_watson,assets\cards\murphy_watson.png
muruna_the_savage,assets\cards\muruna_the_savage.png
mustang_sally,assets\cards\mustang_sally.png
mutilate,assets\cards\mutilate.png
muzzle,assets\cards\muzzle.png
mya_dragonling_wrangler,assets\cards\mya_dragonling_wrangler.png
myriam_starcaller,assets\cards\myriam_starcaller.png
myrmidons_signet,assets\cards\myrmidons_signet.png
myro_lumastis,assets\cards\myro_lumastis.png
myrodan_silversong,assets\cards\myrodan_silversong.png
mystery_goo,assets\cards\mystery_goo.png
mystic_denial,assets\cards\mystic_denial.png
mystical_refreshment,assets\cards\mystical_refreshment.png
mythen_of_the_fang,assets\cards\mythen_of_the_fang.png
mythen_of_the_wild,assets\cards\mythen_of_the_wild.png
naan_the_selfless,assets\cards\naan_the_selfless.png
naaru_belt_of_precision,assets\cards\naaru_belt_of_precision.png
naaru_lightwardens_band,assets\cards\naaru_lightwardens_band.png
naasi,assets\cards\naasi.png
nadina_the_red,assets\cards\nadina_the_red.png
nag_the_twisted,assets\cards\nag_the_twisted.png
naga_royal_guard,assets\cards\naga_royal_guard.png
naga_siren,assets\cards\naga_siren.png
naisha,assets\cards\naisha.png
najan_spiritbinder,assets\cards\najan_spiritbinder.png
nakistis_exodar_armorer,assets\cards\nakistis_exodar_armorer.png
nala_stalks_the_night,assets\cards\nala_stalks_the_night.png
nalisa_nightbreeze,assets\cards\nalisa_nightbreeze.png
naliss_the_silencer,assets\cards\naliss_the_silencer.png
nalkas,assets\cards\nalkas.png
nalonae,assets\cards\nalonae.png
nami_dabpox,assets\cards\nami_dabpox.png
naolin_sunsurge,assets\cards\naolin_sunsurge.png
nargle_fang_of_the_swarm,assets\cards\nargle_fang_of_the_swarm.png
narmak_doomratchet,assets\cards\narmak_doomratchet.png
naroku_sunteppe,assets\cards\naroku_sunteppe.png
narthadus,assets\cards\narthadus.png
nasala_silvertree,assets\cards\nasala_silvertree.png
natasha_hutchins,assets\cards\natasha_hutchins.png
nathadan,assets\cards\nathadan.png
nathaniel_voran,assets\cards\nathaniel_voran.png
nathanos_blightcaller,assets\cards\nathanos_blightcaller.png
nathar_wilderson,assets\cards\nathar_wilderson.png
nathressa_darkstrider,assets\cards\nathressa_darkstrider.png
natural_alignment,assets\cards\natural_alignment.png
natural_conduit,assets\cards\natural_conduit.png
natural_defenses,assets\cards\natural_defenses.png
natural_disaster,assets\cards\natural_disaster.png
natural_genesis,assets\cards\natural_genesis.png
natural_purification,assets\cards\natural_purification.png
natural_reclamation,assets\cards\natural_reclamation.png
natural_remedies,assets\cards\natural_remedies.png
natural_repossession,assets\cards\natural_repossession.png
natural_selection,assets\cards\natural_selection.png
nature_of_the_beast,assets\cards\nature_of_the_beast.png
nature_resistance_totem,assets\cards\nature_resistance_totem.png
nature_unleashed,assets\cards\nature_unleashed.png
natures_focus,assets\cards\natures_focus.png
natures_fury,assets\cards\natures_fury.png
natures_majesty,assets\cards\natures_majesty.png
natures_reach,assets\cards\natures_reach.png
natures_swiftness,assets\cards\natures_swiftness.png
natures_vengeance,assets\cards\natures_vengeance.png
nautilus_ring,assets\cards\nautilus_ring.png
nazgrel_advisor_to_thrall,assets\cards\nazgrel_advisor_to_thrall.png
nazguk_sharptongue,assets\cards\nazguk_sharptongue.png
nazjar_harpooner,assets\cards\nazjar_harpooner.png
nazjar_myrmidon,assets\cards\nazjar_myrmidon.png
nazjar_sorceress,assets\cards\nazjar_sorceress.png
nazuk_darkblood,assets\cards\nazuk_darkblood.png
nazzik_timewalker_trickster,assets\cards\nazzik_timewalker_trickster.png
nea_sunmark,assets\cards\nea_sunmark.png
neboz_tombwex,assets\cards\neboz_tombwex.png
necessary_sacrifice,assets\cards\necessary_sacrifice.png
necklace_of_black_dragons_teeth,assets\cards\necklace_of_black_dragons_teeth.png
necromancer,assets\cards\necromancer.png
necrotic_boneplate_guantlets,assets\cards\necrotic_boneplate_guantlets.png
necrotic_strike,assets\cards\necrotic_strike.png
needs_more_cowbell,assets\cards\needs_more_cowbell.png
neeka,assets\cards\neeka.png
nefarian,assets\cards\nefarian.png
neferset_bladelord,assets\cards\neferset_bladelord.png
neferset_champion,assets\cards\neferset_champion.png
neferset_darkcaster,assets\cards\neferset_darkcaster.png
neferset_flamecaller,assets\cards\neferset_flamecaller.png
neferset_frostbringer,assets\cards\neferset_frostbringer.png
neferset_runecaster,assets\cards\neferset_runecaster.png
neferset_scorpid_keeper,assets\cards\neferset_scorpid_keeper.png
neferset_sentry,assets\cards\neferset_sentry.png
neferset_shadowlancer,assets\cards\neferset_shadowlancer.png
neferset_shadowstalker,assets\cards\neferset_shadowstalker.png
neferset_shieldguard,assets\cards\neferset_shieldguard.png
nehru_timewalker_hunter,assets\cards\nehru_timewalker_hunter.png
neltharion_the_earth_warder,assets\cards\neltharion_the_earth_warder.png
nemesis_leggings,assets\cards\nemesis_leggings.png
nemesis_skullcap,assets\cards\nemesis_skullcap.png
neophyte_morandi,assets\cards\neophyte_morandi.png
nephlahim,assets\cards\nephlahim.png
neptulon,assets\cards\neptulon.png
neptulon_the_tidehunter,assets\cards\neptulon_the_tidehunter.png
nerra_lifeboom,assets\cards\nerra_lifeboom.png
nerubian_conqueror,assets\cards\nerubian_conqueror.png
nerves_of_steel,assets\cards\nerves_of_steel.png
nerzhul,assets\cards\nerzhul.png
nesingwary_4000,assets\cards\nesingwary_4000.png
nesmend_darkbreaker,assets\cards\nesmend_darkbreaker.png
nespirah,assets\cards\nespirah.png
nessera_gildenrose,assets\cards\nessera_gildenrose.png
nether_balance,assets\cards\nether_balance.png
nether_blast,assets\cards\nether_blast.png
nether_fissure,assets\cards\nether_fissure.png
nether_fracture,assets\cards\nether_fracture.png
nether_inversion,assets\cards\nether_inversion.png
nether_rift,assets\cards\nether_rift.png
nether_rip,assets\cards\nether_rip.png
nether_vision,assets\cards\nether_vision.png
netherbane,assets\cards\netherbane.png
netherbreath_spellblade,assets\cards\netherbreath_spellblade.png
netherdrake_gloves,assets\cards\netherdrake_gloves.png
nethermaven_donna_chastain,assets\cards\nethermaven_donna_chastain.png
netherpocalypse,assets\cards\netherpocalypse.png
nethershard,assets\cards\nethershard.png
netherwind_crown,assets\cards\netherwind_crown.png
netherwind_pants,assets\cards\netherwind_pants.png
netherwind_presence,assets\cards\netherwind_presence.png
netherwing_protectors_shield,assets\cards\netherwing_protectors_shield.png
next_stop_menethil_harbor,assets\cards\next_stop_menethil_harbor.png
nexus_link,assets\cards\nexus_link.png
nexus_thief_asar,assets\cards\nexus_thief_asar.png
nexus_torch,assets\cards\nexus_torch.png
nibbler,assets\cards\nibbler.png
nicholas_merrick,assets\cards\nicholas_merrick.png
nifflevar_bearded_axe,assets\cards\nifflevar_bearded_axe.png
night_elf_arcanist,assets\cards\night_elf_arcanist.png
night_elf_bladedancer,assets\cards\night_elf_bladedancer.png
night_elf_grovewalker,assets\cards\night_elf_grovewalker.png
night_elf_moon_priestess,assets\cards\night_elf_moon_priestess.png
night_elf_ranger,assets\cards\night_elf_ranger.png
night_elf_swiftblade,assets\cards\night_elf_swiftblade.png
nightbane,assets\cards\nightbane.png
nightbloom,assets\cards\nightbloom.png
nightfall,assets\cards\nightfall.png
nightfire,assets\cards\nightfire.png
nightmare_ender,assets\cards\nightmare_ender.png
nightsaber_cub,assets\cards\nightsaber_cub.png
nightstalker_austen,assets\cards\nightstalker_austen.png
nikka_blastbor,assets\cards\nikka_blastbor.png
nimanda,assets\cards\nimanda.png
ninoo_of_the_light,assets\cards\ninoo_of_the_light.png
niyore_of_the_watch,assets\cards\niyore_of_the_watch.png
no_mans_land,assets\cards\no_mans_land.png
no_mercy,assets\cards\no_mercy.png
no_mere_dream,assets\cards\no_mere_dream.png
no_one_to_save_you,assets\cards\no_one_to_save_you.png
nocturnal_gaze,assets\cards\nocturnal_gaze.png
noggenfogger_elixir,assets\cards\noggenfogger_elixir.png
nokaled_the_elements_of_death,assets\cards\nokaled_the_elements_of_death.png
noktal_the_savage,assets\cards\noktal_the_savage.png
nomak_the_blazingclaw,assets\cards\nomak_the_blazingclaw.png
nordrassil_scout,assets\cards\nordrassil_scout.png
nordrassil_the_world_tree,assets\cards\nordrassil_the_world_tree.png
norrund_grovewalker,assets\cards\norrund_grovewalker.png
northshire_cleric,assets\cards\northshire_cleric.png
northshire_crusader,assets\cards\northshire_crusader.png
northshire_guardian,assets\cards\northshire_guardian.png
nourish,assets\cards\nourish.png
nox_the_lifedrainer,assets\cards\nox_the_lifedrainer.png
noxel_shroudhaggle,assets\cards\noxel_shroudhaggle.png
noxious_trap,assets\cards\noxious_trap.png
nozdormu_the_timeless,assets\cards\nozdormu_the_timeless.png
nuada_windwaker,assets\cards\nuada_windwaker.png
numbing_cold,assets\cards\numbing_cold.png
nurgle_tinkfrost,assets\cards\nurgle_tinkfrost.png
nurture,assets\cards\nurture.png
nurturing_spirit,assets\cards\nurturing_spirit.png
nuvon_dawnfury,assets\cards\nuvon_dawnfury.png
nyala_shadefury,assets\cards\nyala_shadefury.png
nylaith_guardian_of_the_wild,assets\cards\nylaith_guardian_of_the_wild.png
nynjah,assets\cards\nynjah.png
nynjahs_tabi_boots,assets\cards\nynjahs_tabi_boots.png
oakenclaw,assets\cards\oakenclaw.png
oathbinder_charge_of_the_ranger_general,assets\cards\oathbinder_charge_of_the_ranger_general.png
obfuscate,assets\cards\obfuscate.png
obliterate,assets\cards\obliterate.png
obliterating_trap,assets\cards\obliterating_trap.png
obliveron,assets\cards\obliveron.png
obora_the_mad,assets\cards\obora_the_mad.png
obora_the_wise,assets\cards\obora_the_wise.png
observers_shield,assets\cards\observers_shield.png
obsidia,assets\cards\obsidia.png
obsidian_colossus,assets\cards\obsidian_colossus.png
obsidian_drakonid,assets\cards\obsidian_drakonid.png
obsidian_drudge,assets\cards\obsidian_drudge.png
obsidian_edged_blade,assets\cards\obsidian_edged_blade.png
obsidian_enforcer,assets\cards\obsidian_enforcer.png
obsidian_pyrewing,assets\cards\obsidian_pyrewing.png
obsidian_skyterror,assets\cards\obsidian_skyterror.png
obsidium_cleaver,assets\cards\obsidium_cleaver.png
obsidium_executioner,assets\cards\obsidium_executioner.png
odos_ley_staff,assets\cards\odos_ley_staff.png
offender_gora,assets\cards\offender_gora.png
offering_to_the_nether,assets\cards\offering_to_the_nether.png
okument_herald_of_the_light,assets\cards\okument_herald_of_the_light.png
ol_stonewall,assets\cards\ol_stonewall.png
olaf_steelbreaker,assets\cards\olaf_steelbreaker.png
old_bones,assets\cards\old_bones.png
olivia_demascas,assets\cards\olivia_demascas.png
omedus_the_punisher,assets\cards\omedus_the_punisher.png
omen_of_clarity,assets\cards\omen_of_clarity.png
on_ruby_wings,assets\cards\on_ruby_wings.png
on_the_brink,assets\cards\on_the_brink.png
on_your_feet,assets\cards\on_your_feet.png
ona_skyshot,assets\cards\ona_skyshot.png
one_draeneis_junk,assets\cards\one_draeneis_junk.png
one_thousand_battles,assets\cards\one_thousand_battles.png
onnekra_bloodfang,assets\cards\onnekra_bloodfang.png
onslaught,assets\cards\onslaught.png
onslaught_girdle,assets\cards\onslaught_girdle.png
onyxia_blood_talisman,assets\cards\onyxia_blood_talisman.png
onyxia_hide_backpack,assets\cards\onyxia_hide_backpack.png
onyxia_tooth_pendant,assets\cards\onyxia_tooth_pendant.png
opal_of_the_secret_order,assets\cards\opal_of_the_secret_order.png
opertation_recombobulation,assets\cards\opertation_recombobulation.png
ophelia_barrows,assets\cards\ophelia_barrows.png
opportunity,assets\cards\opportunity.png
oppress,assets\cards\oppress.png
optimize,assets\cards\optimize.png
oracle_talisman_of_ablution,assets\cards\oracle_talisman_of_ablution.png
orb_of_darkness,assets\cards\orb_of_darkness.png
orbaz_bloodbane,assets\cards\orbaz_bloodbane.png
orc_blackblade,assets\cards\orc_blackblade.png
orc_flamecaller,assets\cards\orc_flamecaller.png
orc_grunt,assets\cards\orc_grunt.png
orc_necrolyte,assets\cards\orc_necrolyte.png
orc_peon,assets\cards\orc_peon.png
orc_raider,assets\cards\orc_raider.png
orc_shaman,assets\cards\orc_shaman.png
order_must_be_restored,assets\cards\order_must_be_restored.png
orderkeeper_calister,assets\cards\orderkeeper_calister.png
orderkeeper_henley,assets\cards\orderkeeper_henley.png
orderkeeper_vesra,assets\cards\orderkeeper_vesra.png
orders_from_lady_vashj,assets\cards\orders_from_lady_vashj.png
organic_lifeform_inverter,assets\cards\organic_lifeform_inverter.png
orgrim_doomhammer,assets\cards\orgrim_doomhammer.png
orgrimmar,assets\cards\orgrimmar.png
orgrimmar_grunts,assets\cards\orgrimmar_grunts.png
orgrimmar_heartstriker,assets\cards\orgrimmar_heartstriker.png
orgrimmar_killblade,assets\cards\orgrimmar_killblade.png
orgrimmar_marksman,assets\cards\orgrimmar_marksman.png
orgrimmar_tabard,assets\cards\orgrimmar_tabard.png
orgrims_hammer,assets\cards\orgrims_hammer.png
orion,assets\cards\orion.png
orkahn_of_orgrimmar,assets\cards\orkahn_of_orgrimmar.png
orlund,assets\cards\orlund.png
ornate_adamantium_breastplate,assets\cards\ornate_adamantium_breastplate.png
orox_darkhorn,assets\cards\orox_darkhorn.png
oruk_starstorm,assets\cards\oruk_starstorm.png
osha_shadowdrinker,assets\cards\osha_shadowdrinker.png
oshugun_crystal_powder,assets\cards\oshugun_crystal_powder.png
ossandran_creamatorium_master,assets\cards\ossandran_creamatorium_master.png
ossus_the_ancient,assets\cards\ossus_the_ancient.png
outbreak,assets\cards\outbreak.png
outland_sucks,assets\cards\outland_sucks.png
outrider_zarg,assets\cards\outrider_zarg.png
overkill,assets\cards\overkill.png
overload,assets\cards\overload.png
overlord_drakuru,assets\cards\overlord_drakuru.png
overlord_orbarokh,assets\cards\overlord_orbarokh.png
overpower,assets\cards\overpower.png
overpowered_chicken_splitter,assets\cards\overpowered_chicken_splitter.png
overseer_oilfist,assets\cards\overseer_oilfist.png
overseer_savryn,assets\cards\overseer_savryn.png
overwhelm,assets\cards\overwhelm.png
owned,assets\cards\owned.png
ozumat,assets\cards\ozumat.png
ozzati,assets\cards\ozzati.png
pacify,assets\cards\pacify.png
pack_tactics,assets\cards\pack_tactics.png
packleader_ivar_bloodfang,assets\cards\packleader_ivar_bloodfang.png
pact_of_shadow,assets\cards\pact_of_shadow.png
pads_of_the_dread_wolf,assets\cards\pads_of_the_dread_wolf.png
pagatha_soulbinder,assets\cards\pagatha_soulbinder.png
pain_suppression,assets\cards\pain_suppression.png
paint_bomb,assets\cards\paint_bomb.png
paladin_training,assets\cards\paladin_training.png
panax_the_unstable,assets\cards\panax_the_unstable.png
pandamonium,assets\cards\pandamonium.png
pandaren_brewmaster,assets\cards\pandaren_brewmaster.png
papa_hummels_old_fashioned_pet_biscuit,assets\cards\papa_hummels_old_fashioned_pet_biscuit.png
paper_airplane,assets\cards\paper_airplane.png
pappy_ironbane,assets\cards\pappy_ironbane.png
paralyze,assets\cards\paralyze.png
paralyzing_strike,assets\cards\paralyzing_strike.png
parexia_herald_of_the_shadows,assets\cards\parexia_herald_of_the_shadows.png
parren_shadowshot,assets\cards\parren_shadowshot.png
parvink,assets\cards\parvink.png
path_of_cenarius,assets\cards\path_of_cenarius.png
path_of_frost,assets\cards\path_of_frost.png
path_of_life,assets\cards\path_of_life.png
path_of_the_damned,assets\cards\path_of_the_damned.png
pathaleon_the_calculator,assets\cards\pathaleon_the_calculator.png
pathfinder_fansal,assets\cards\pathfinder_fansal.png
patient_shot,assets\cards\patient_shot.png
patricia_potter,assets\cards\patricia_potter.png
pauldrons_of_desolation,assets\cards\pauldrons_of_desolation.png
pauldrons_of_roaring_flame,assets\cards\pauldrons_of_roaring_flame.png
pauldrons_of_the_crimson_flight,assets\cards\pauldrons_of_the_crimson_flight.png
payment_of_blood,assets\cards\payment_of_blood.png
peerless_guard,assets\cards\peerless_guard.png
penance,assets\cards\penance.png
pendant_of_quiet_breath,assets\cards\pendant_of_quiet_breath.png
penelopes_rose,assets\cards\penelopes_rose.png
penetrating_shots,assets\cards\penetrating_shots.png
perditions_blade,assets\cards\perditions_blade.png
perforation_poison,assets\cards\perforation_poison.png
periwinkle_cloak,assets\cards\periwinkle_cloak.png
permafrost,assets\cards\permafrost.png
pernicious_poison,assets\cards\pernicious_poison.png
perotharn,assets\cards\perotharn.png
perotharns_belt,assets\cards\perotharns_belt.png
personal_weather_maker,assets\cards\personal_weather_maker.png
persuasive_resurrection,assets\cards\persuasive_resurrection.png
pestilence,assets\cards\pestilence.png
peter_hottelet,assets\cards\peter_hottelet.png
petreus_roffe,assets\cards\petreus_roffe.png
phadalus_the_enlightened,assets\cards\phadalus_the_enlightened.png
phantom_armor,assets\cards\phantom_armor.png
phantrich,assets\cards\phantrich.png
phase_hound,assets\cards\phase_hound.png
philosopher_kirilenko,assets\cards\philosopher_kirilenko.png
phoenix,assets\cards\phoenix.png
phoenix_fire_band,assets\cards\phoenix_fire_band.png
phosphus_the_everburning,assets\cards\phosphus_the_everburning.png
phylactery_of_the_nameless_lich,assets\cards\phylactery_of_the_nameless_lich.png
piana,assets\cards\piana.png
piccolo_of_the_flaming_fire,assets\cards\piccolo_of_the_flaming_fire.png
pick_lock,assets\cards\pick_lock.png
pick_pocket,assets\cards\pick_pocket.png
pidge_filthfinder,assets\cards\pidge_filthfinder.png
pierce,assets\cards\pierce.png
piercing_howl,assets\cards\piercing_howl.png
piercing_shots,assets\cards\piercing_shots.png
pilfer,assets\cards\pilfer.png
pin,assets\cards\pin.png
pinata,assets\cards\pinata.png
pit_lords_destroyer,assets\cards\pit_lords_destroyer.png
pithran_mithrilshot,assets\cards\pithran_mithrilshot.png
pixia_darkmist,assets\cards\pixia_darkmist.png
piztog,assets\cards\piztog.png
plague_demonsoul,assets\cards\plague_demonsoul.png
plague_eruptor,assets\cards\plague_eruptor.png
plague_fleshbane,assets\cards\plague_fleshbane.png
plague_igniter,assets\cards\plague_igniter.png
plagueborn_meatwall,assets\cards\plagueborn_meatwall.png
plagued_mind,assets\cards\plagued_mind.png
plainsrunner_marun,assets\cards\plainsrunner_marun.png
plainswatcher_taro,assets\cards\plainswatcher_taro.png
planned_assault,assets\cards\planned_assault.png
planning_for_the_future,assets\cards\planning_for_the_future.png
plasma_rats_hyper_scythe,assets\cards\plasma_rats_hyper_scythe.png
plasu,assets\cards\plasu.png
platinum_disks_of_swiftness,assets\cards\platinum_disks_of_swiftness.png
platinum_shield_of_the_valorous,assets\cards\platinum_shield_of_the_valorous.png
plunder,assets\cards\plunder.png
poach,assets\cards\poach.png
point_blank,assets\cards\point_blank.png
poison_bomb,assets\cards\poison_bomb.png
poison_fang_bracers,assets\cards\poison_fang_bracers.png
poison_the_well,assets\cards\poison_the_well.png
poison_tipped,assets\cards\poison_tipped.png
poison_tongue_mcgillicutty,assets\cards\poison_tongue_mcgillicutty.png
poison_water,assets\cards\poison_water.png
poisonfire_greatsword,assets\cards\poisonfire_greatsword.png
polished_breastplate_of_valor,assets\cards\polished_breastplate_of_valor.png
polished_helm_of_valor,assets\cards\polished_helm_of_valor.png
polished_spaulders_of_valor,assets\cards\polished_spaulders_of_valor.png
polymorph,assets\cards\polymorph.png
polymorph_penguin,assets\cards\polymorph_penguin.png
polymorph_pig,assets\cards\polymorph_pig.png
poof,assets\cards\poof.png
portal,assets\cards\portal.png
portal_stone,assets\cards\portal_stone.png
porto,assets\cards\porto.png
potentates_letter_opener,assets\cards\potentates_letter_opener.png
potential_energy_source,assets\cards\potential_energy_source.png
power,assets\cards\power.png
power_generator_hood,assets\cards\power_generator_hood.png
power_infusion,assets\cards\power_infusion.png
power_word_absorb,assets\cards\power_word_absorb.png
power_word_barrier,assets\cards\power_word_barrier.png
power_word_bravery,assets\cards\power_word_bravery.png
power_word_endurance,assets\cards\power_word_endurance.png
power_word_faith,assets\cards\power_word_faith.png
power_word_fortitude,assets\cards\power_word_fortitude.png
power_word_preservation,assets\cards\power_word_preservation.png
power_word_purity,assets\cards\power_word_purity.png
power_word_restore,assets\cards\power_word_restore.png
power_word_resurrection,assets\cards\power_word_resurrection.png
power_word_sanctuary,assets\cards\power_word_sanctuary.png
power_word_shelter,assets\cards\power_word_shelter.png
power_word_shield,assets\cards\power_word_shield.png
power_word_spirit,assets\cards\power_word_spirit.png
power_word_tenacity,assets\cards\power_word_tenacity.png
power_word_vigor,assets\cards\power_word_vigor.png
power_word_vitality,assets\cards\power_word_vitality.png
prayer_of_fortitude,assets\cards\prayer_of_fortitude.png
prayer_of_healing,assets\cards\prayer_of_healing.png
prayer_of_mending,assets\cards\prayer_of_mending.png
prayer_of_shadow_protection,assets\cards\prayer_of_shadow_protection.png
prayer_of_spirit,assets\cards\prayer_of_spirit.png
prayer_of_the_ages,assets\cards\prayer_of_the_ages.png
prayer_of_vitality,assets\cards\prayer_of_vitality.png
prazo_whiptrick,assets\cards\prazo_whiptrick.png
precognition,assets\cards\precognition.png
predatory_gloves,assets\cards\predatory_gloves.png
predatory_sense,assets\cards\predatory_sense.png
predatory_strikes,assets\cards\predatory_strikes.png
premeditation,assets\cards\premeditation.png
preparing_for_war,assets\cards\preparing_for_war.png
presence_of_mind,assets\cards\presence_of_mind.png
presence_of_the_divine,assets\cards\presence_of_the_divine.png
preserve_and_protect,assets\cards\preserve_and_protect.png
prey_on_the_weak,assets\cards\prey_on_the_weak.png
pride_of_the_fel_horde,assets\cards\pride_of_the_fel_horde.png
priest_training,assets\cards\priest_training.png
priestess_of_horror,assets\cards\priestess_of_horror.png
priestess_of_ruin,assets\cards\priestess_of_ruin.png
primal_desterity,assets\cards\primal_desterity.png
primal_focus,assets\cards\primal_focus.png
primal_madness,assets\cards\primal_madness.png
primal_mending,assets\cards\primal_mending.png
primal_strike,assets\cards\primal_strike.png
primal_taming,assets\cards\primal_taming.png
primal_totem,assets\cards\primal_totem.png
primalist_naseth,assets\cards\primalist_naseth.png
prince_anduin_wrynn,assets\cards\prince_anduin_wrynn.png
prince_kaelthas_sunstrider,assets\cards\prince_kaelthas_sunstrider.png
prince_malchezaar,assets\cards\prince_malchezaar.png
prince_xavalis,assets\cards\prince_xavalis.png
prized_beastmasters_mantle,assets\cards\prized_beastmasters_mantle.png
prometha,assets\cards\prometha.png
prophet_velen,assets\cards\prophet_velen.png
protect_the_master,assets\cards\protect_the_master.png
protective_barricade_of_the_light,assets\cards\protective_barricade_of_the_light.png
proto_handlers_guantlets,assets\cards\proto_handlers_guantlets.png
prototype_reaper,assets\cards\prototype_reaper.png
proving_grounds,assets\cards\proving_grounds.png
provoke,assets\cards\provoke.png
prowl,assets\cards\prowl.png
psychic_duress,assets\cards\psychic_duress.png
psychic_horror,assets\cards\psychic_horror.png
psychic_melt,assets\cards\psychic_melt.png
psychic_scream,assets\cards\psychic_scream.png
psychic_screech,assets\cards\psychic_screech.png
psychic_shriek,assets\cards\psychic_shriek.png
psychic_wail,assets\cards\psychic_wail.png
pterrordax_hatchling,assets\cards\pterrordax_hatchling.png
pugg,assets\cards\pugg.png
pugius_fist_of_defiance,assets\cards\pugius_fist_of_defiance.png
pulverize,assets\cards\pulverize.png
pummel,assets\cards\pummel.png
puncture,assets\cards\puncture.png
punishing_shot,assets\cards\punishing_shot.png
pure_evil,assets\cards\pure_evil.png
purge,assets\cards\purge.png
purloin,assets\cards\purloin.png
putrefying_poison,assets\cards\putrefying_poison.png
putting_the_pieces_together,assets\cards\putting_the_pieces_together.png
puzzle_box_of_yogg_saron,assets\cards\puzzle_box_of_yogg_saron.png
pygmy_firebreather,assets\cards\pygmy_firebreather.png
pygmy_pyramid,assets\cards\pygmy_pyramid.png
pyroblast,assets\cards\pyroblast.png
pyroclastic_consumption,assets\cards\pyroclastic_consumption.png
pyromancer_davins,assets\cards\pyromancer_davins.png
pyromaniac,assets\cards\pyromaniac.png
pythisss_herald_of_frost,assets\cards\pythisss_herald_of_frost.png
quagmirrans_eye,assets\cards\quagmirrans_eye.png
quakelord_razek_warhoof,assets\cards\quakelord_razek_warhoof.png
quantum_blade,assets\cards\quantum_blade.png
queen_angerboda,assets\cards\queen_angerboda.png
queen_azshara,assets\cards\queen_azshara.png
queen_azsharas_dressing_gown,assets\cards\queen_azsharas_dressing_gown.png
queen_sylvanas_windrunner,assets\cards\queen_sylvanas_windrunner.png
quelserrar,assets\cards\quelserrar.png
quenlan_lifeboon,assets\cards\quenlan_lifeboon.png
quick_strike,assets\cards\quick_strike.png
quick_trap,assets\cards\quick_trap.png
quickdraw,assets\cards\quickdraw.png
quickhands_spigotgulp,assets\cards\quickhands_spigotgulp.png
quickstrider_moccasins,assets\cards\quickstrider_moccasins.png
quigley_slipshade,assets\cards\quigley_slipshade.png
quillbeast,assets\cards\quillbeast.png
rachee,assets\cards\rachee.png
radak_doombringer,assets\cards\radak_doombringer.png
raena_the_unpredictable,assets\cards\raena_the_unpredictable.png
raenes_cleansing,assets\cards\raenes_cleansing.png
raesa_morningstar,assets\cards\raesa_morningstar.png
raezi,assets\cards\raezi.png
rage_of_the_elements,assets\cards\rage_of_the_elements.png
ragespike,assets\cards\ragespike.png
raging_blow,assets\cards\raging_blow.png
raging_earth_elemental_totem,assets\cards\raging_earth_elemental_totem.png
raging_shout,assets\cards\raging_shout.png
raging_stance,assets\cards\raging_stance.png
ragnaros_the_firelord,assets\cards\ragnaros_the_firelord.png
rahn_grimstaff,assets\cards\rahn_grimstaff.png
rain_of_arrows,assets\cards\rain_of_arrows.png
rain_of_fire,assets\cards\rain_of_fire.png
rain_of_shadow,assets\cards\rain_of_shadow.png
rain_or_pain,assets\cards\rain_or_pain.png
raise_from_the_ashes,assets\cards\raise_from_the_ashes.png
raise_the_dead,assets\cards\raise_the_dead.png
rajh_construct_of_the_sun,assets\cards\rajh_construct_of_the_sun.png
rak_skyfury,assets\cards\rak_skyfury.png
rakala_deathsmash,assets\cards\rakala_deathsmash.png
rakasa_mournewind,assets\cards\rakasa_mournewind.png
rake,assets\cards\rake.png
rakzi_the_earthgraced,assets\cards\rakzi_the_earthgraced.png
rally_the_troops,assets\cards\rally_the_troops.png
rallying_cry_of_the_dragonslayer,assets\cards\rallying_cry_of_the_dragonslayer.png
rallying_shout,assets\cards\rallying_shout.png
rallying_swarm,assets\cards\rallying_swarm.png
ramalandnis_blade_of_culling,assets\cards\ramalandnis_blade_of_culling.png
rames_the_purifier,assets\cards\rames_the_purifier.png
rampage,assets\cards\rampage.png
rampaging_furbolg,assets\cards\rampaging_furbolg.png
ramsteins_lightning_bolts,assets\cards\ramsteins_lightning_bolts.png
randipan,assets\cards\randipan.png
randolphe_mortimer,assets\cards\randolphe_mortimer.png
ranged_weapon_specialization,assets\cards\ranged_weapon_specialization.png
ransack,assets\cards\ransack.png
ranthus_adler,assets\cards\ranthus_adler.png
rapid_fire,assets\cards\rapid_fire.png
raptor_strike,assets\cards\raptor_strike.png
rasfari_bloodfrenzy,assets\cards\rasfari_bloodfrenzy.png
rasojin,assets\cards\rasojin.png
raul_finger_maldren,assets\cards\raul_finger_maldren.png
ravage,assets\cards\ravage.png
ravenna,assets\cards\ravenna.png
ravenous_bite,assets\cards\ravenous_bite.png
ravenous_frenzy,assets\cards\ravenous_frenzy.png
ravenous_furbolg,assets\cards\ravenous_furbolg.png
rawaza_stonetusk,assets\cards\rawaza_stonetusk.png
rawrbrgle,assets\cards\rawrbrgle.png
rayder,assets\cards\rayder.png
rayne_savageboon,assets\cards\rayne_savageboon.png
razak_ironsides,assets\cards\razak_ironsides.png
raze,assets\cards\raze.png
razojun,assets\cards\razojun.png
razor_hill_assassin,assets\cards\razor_hill_assassin.png
razor_hill_lout,assets\cards\razor_hill_lout.png
razor_hill_spiritseer,assets\cards\razor_hill_spiritseer.png
razorsaw,assets\cards\razorsaw.png
raztujor,assets\cards\raztujor.png
readiness,assets\cards\readiness.png
really_big_worm,assets\cards\really_big_worm.png
reanimators_hacker,assets\cards\reanimators_hacker.png
reaper_of_dark_souls,assets\cards\reaper_of_dark_souls.png
reaver_of_the_infinites,assets\cards\reaver_of_the_infinites.png
reawakening,assets\cards\reawakening.png
rebirth,assets\cards\rebirth.png
recall_from_the_brink,assets\cards\recall_from_the_brink.png
reckless_abandon,assets\cards\reckless_abandon.png
reckless_fireball,assets\cards\reckless_fireball.png
recklessness,assets\cards\recklessness.png
reckoning,assets\cards\reckoning.png
reckoning_of_light,assets\cards\reckoning_of_light.png
reclaimed_ashkandi,assets\cards\reclaimed_ashkandi.png
reclaiming_holy_grounds,assets\cards\reclaiming_holy_grounds.png
reclusion,assets\cards\reclusion.png
reconstruct,assets\cards\reconstruct.png
redeeming_dispel,assets\cards\redeeming_dispel.png
redemption,assets\cards\redemption.png
reflex_blades,assets\cards\reflex_blades.png
reforestation,assets\cards\reforestation.png
regrowth,assets\cards\regrowth.png
rehgar_earthfury,assets\cards\rehgar_earthfury.png
reincarnation,assets\cards\reincarnation.png
reinforced_steel,assets\cards\reinforced_steel.png
rejuvenation,assets\cards\rejuvenation.png
rekgar,assets\cards\rekgar.png
rekwa_proudhorn,assets\cards\rekwa_proudhorn.png
reload,assets\cards\reload.png
remba_abbess_of_ash,assets\cards\remba_abbess_of_ash.png
remulos_son_of_cenarius,assets\cards\remulos_son_of_cenarius.png
rend,assets\cards\rend.png
rend_and_tear,assets\cards\rend_and_tear.png
renew,assets\cards\renew.png
renewal_of_life,assets\cards\renewal_of_life.png
rensarth_shadowsun,assets\cards\rensarth_shadowsun.png
renshol_herald_of_nature,assets\cards\renshol_herald_of_nature.png
renzo_soulfang,assets\cards\renzo_soulfang.png
reoccupation,assets\cards\reoccupation.png
repentance,assets\cards\repentance.png
reprisal,assets\cards\reprisal.png
repurposed_lava_dredger,assets\cards\repurposed_lava_dredger.png
requite,assets\cards\requite.png
rescue_the_earthspeaker,assets\cards\rescue_the_earthspeaker.png
rescue_the_survivors,assets\cards\rescue_the_survivors.png
residue_rendezvous,assets\cards\residue_rendezvous.png
resolute_aura,assets\cards\resolute_aura.png
resourcefulness,assets\cards\resourcefulness.png
respite_for_a_tormented_soul,assets\cards\respite_for_a_tormented_soul.png
ressa_shadeshine,assets\cards\ressa_shadeshine.png
ressa_the_leper_queen,assets\cards\ressa_the_leper_queen.png
rest_and_relaxation,assets\cards\rest_and_relaxation.png
restitution,assets\cards\restitution.png
restless_blades,assets\cards\restless_blades.png
resurrection,assets\cards\resurrection.png
retainer_alashon,assets\cards\retainer_alashon.png
retainer_athan,assets\cards\retainer_athan.png
retainer_cara,assets\cards\retainer_cara.png
retainer_eteron,assets\cards\retainer_eteron.png
retainer_faryn,assets\cards\retainer_faryn.png
retainer_jitaen,assets\cards\retainer_jitaen.png
retainer_kai,assets\cards\retainer_kai.png
retainer_kedryn,assets\cards\retainer_kedryn.png
retainer_khorbus,assets\cards\retainer_khorbus.png
retainer_marcus,assets\cards\retainer_marcus.png
retainer_mythras,assets\cards\retainer_mythras.png
retainer_nealos,assets\cards\retainer_nealos.png
retainer_ryn,assets\cards\retainer_ryn.png
retainer_salvan,assets\cards\retainer_salvan.png
retainer_zaelan,assets\cards\retainer_zaelan.png
retainer_zian,assets\cards\retainer_zian.png
retainers_blade,assets\cards\retainers_blade.png
retaliation,assets\cards\retaliation.png
retribution_aura,assets\cards\retribution_aura.png
retribution_of_the_light,assets\cards\retribution_of_the_light.png
return_to_angrathar,assets\cards\return_to_angrathar.png
return_to_the_aldor,assets\cards\return_to_the_aldor.png
return_to_the_scryers,assets\cards\return_to_the_scryers.png
revealing_strike,assets\cards\revealing_strike.png
revenant_of_neptulon,assets\cards\revenant_of_neptulon.png
revenge,assets\cards\revenge.png
revenge_is_tasty,assets\cards\revenge_is_tasty.png
reverend_tobias,assets\cards\reverend_tobias.png
reverse_polarity,assets\cards\reverse_polarity.png
revitalize,assets\cards\revitalize.png
revival_stone,assets\cards\revival_stone.png
rexxar,assets\cards\rexxar.png
rexxar_the_wanderer,assets\cards\rexxar_the_wanderer.png
rhokdelar_longbow_of_the_ancient_keepers,assets\cards\rhokdelar_longbow_of_the_ancient_keepers.png
rhonin,assets\cards\rhonin.png
rhonin_the_time_lost,assets\cards\rhonin_the_time_lost.png
rhuunom,assets\cards\rhuunom.png
rhyllor_of_the_glade,assets\cards\rhyllor_of_the_glade.png
riftmaker,assets\cards\riftmaker.png
righteous_cleanse,assets\cards\righteous_cleanse.png
righteous_defense,assets\cards\righteous_defense.png
righteous_vengeance,assets\cards\righteous_vengeance.png
righteousness_aura,assets\cards\righteousness_aura.png
riley_sizzleswitch,assets\cards\riley_sizzleswitch.png
rimblat_earthshatter,assets\cards\rimblat_earthshatter.png
rime_and_freezin,assets\cards\rime_and_freezin.png
ring_of_binding,assets\cards\ring_of_binding.png
ring_of_flowing_light,assets\cards\ring_of_flowing_light.png
ring_of_frost,assets\cards\ring_of_frost.png
ring_of_invincibility,assets\cards\ring_of_invincibility.png
ring_of_protection,assets\cards\ring_of_protection.png
ring_of_the_battle_anthem,assets\cards\ring_of_the_battle_anthem.png
ring_of_the_boy_emperor,assets\cards\ring_of_the_boy_emperor.png
ring_of_the_great_whale,assets\cards\ring_of_the_great_whale.png
ring_of_the_recalcitrant,assets\cards\ring_of_the_recalcitrant.png
ring_of_the_shadow_deeps,assets\cards\ring_of_the_shadow_deeps.png
ring_of_the_silver_hand,assets\cards\ring_of_the_silver_hand.png
ring_of_the_unliving,assets\cards\ring_of_the_unliving.png
ring_of_trials,assets\cards\ring_of_trials.png
ringleader_kuma,assets\cards\ringleader_kuma.png
rinni_gloomtrik,assets\cards\rinni_gloomtrik.png
rioriel_whitefeather,assets\cards\rioriel_whitefeather.png
riot_shield,assets\cards\riot_shield.png
ripley_spellfizzle,assets\cards\ripley_spellfizzle.png
ripped_through_the_portal,assets\cards\ripped_through_the_portal.png
ripper,assets\cards\ripper.png
ripple,assets\cards\ripple.png
riptide,assets\cards\riptide.png
rise_and_be_recognized,assets\cards\rise_and_be_recognized.png
rise_to_the_challenge,assets\cards\rise_to_the_challenge.png
rite_of_vision,assets\cards\rite_of_vision.png
ritual_of_souls,assets\cards\ritual_of_souls.png
ritual_of_summoning,assets\cards\ritual_of_summoning.png
ritual_of_the_ages,assets\cards\ritual_of_the_ages.png
ritual_sacrifice,assets\cards\ritual_sacrifice.png
rituals_of_power,assets\cards\rituals_of_power.png
riveted_abomination_leggings,assets\cards\riveted_abomination_leggings.png
roanauk_icemist,assets\cards\roanauk_icemist.png
roar_of_the_ages,assets\cards\roar_of_the_ages.png
roar_of_the_beast,assets\cards\roar_of_the_beast.png
roaring_blaze,assets\cards\roaring_blaze.png
robe_of_the_magi,assets\cards\robe_of_the_magi.png
robe_of_the_waking_nightmare,assets\cards\robe_of_the_waking_nightmare.png
robes_of_arugal,assets\cards\robes_of_arugal.png
robes_of_rhonin,assets\cards\robes_of_rhonin.png
robotic_homing_chicken,assets\cards\robotic_homing_chicken.png
rock_furrow_boots,assets\cards\rock_furrow_boots.png
rockbiter_weapon,assets\cards\rockbiter_weapon.png
rocket_barrage,assets\cards\rocket_barrage.png
rod_of_necromancy,assets\cards\rod_of_necromancy.png
rod_of_the_ogre_magi,assets\cards\rod_of_the_ogre_magi.png
rodrigo,assets\cards\rodrigo.png
roena_trailmaker,assets\cards\roena_trailmaker.png
roger_mortis,assets\cards\roger_mortis.png
roger_ulric,assets\cards\roger_ulric.png
rogg_dreadnock,assets\cards\rogg_dreadnock.png
rogue_training,assets\cards\rogue_training.png
rohashu_zealot_of_the_sun,assets\cards\rohashu_zealot_of_the_sun.png
roke_the_ice_baron,assets\cards\roke_the_ice_baron.png
rokhan,assets\cards\rokhan.png
roktar_blackfist,assets\cards\roktar_blackfist.png
rolan_phoenix,assets\cards\rolan_phoenix.png
rolling_thunder,assets\cards\rolling_thunder.png
roon_plainswalker,assets\cards\roon_plainswalker.png
ror_tramplehoof,assets\cards\ror_tramplehoof.png
rordag_the_sly,assets\cards\rordag_the_sly.png
rorga_trueshot,assets\cards\rorga_trueshot.png
rosalyne_von_erantor,assets\cards\rosalyne_von_erantor.png
roshen_the_oathsworn,assets\cards\roshen_the_oathsworn.png
rotten_to_the_spore,assets\cards\rotten_to_the_spore.png
rotun_daggerhand,assets\cards\rotun_daggerhand.png
routeen,assets\cards\routeen.png
royal_crest_of_lordaeron,assets\cards\royal_crest_of_lordaeron.png
royal_guardian_jameson,assets\cards\royal_guardian_jameson.png
royal_scepter_of_terenas_ii,assets\cards\royal_scepter_of_terenas_ii.png
roza_the_star_mother,assets\cards\roza_the_star_mother.png
ruala_the_spotter,assets\cards\ruala_the_spotter.png
ruby_blazewing,assets\cards\ruby_blazewing.png
ruby_emissary,assets\cards\ruby_emissary.png
ruby_enforcer,assets\cards\ruby_enforcer.png
ruby_flameblade,assets\cards\ruby_flameblade.png
ruby_gemsparkle,assets\cards\ruby_gemsparkle.png
ruby_protector,assets\cards\ruby_protector.png
ruby_skyrazor,assets\cards\ruby_skyrazor.png
ruby_stalker,assets\cards\ruby_stalker.png
rufus_claybourne,assets\cards\rufus_claybourne.png
ruination,assets\cards\ruination.png
rukdara_dreadhand,assets\cards\rukdara_dreadhand.png
rula_blackfist,assets\cards\rula_blackfist.png
rulrin,assets\cards\rulrin.png
rumu_moonhaze,assets\cards\rumu_moonhaze.png
run_to_the_ground,assets\cards\run_to_the_ground.png
rune_of_metamorphosis,assets\cards\rune_of_metamorphosis.png
rune_of_vengeance,assets\cards\rune_of_vengeance.png
rune_of_zeth,assets\cards\rune_of_zeth.png
rune_strike,assets\cards\rune_strike.png
runesong_dagger,assets\cards\runesong_dagger.png
runetotem_guardian,assets\cards\runetotem_guardian.png
runetusk,assets\cards\runetusk.png
runzik_shrapnelwhiz,assets\cards\runzik_shrapnelwhiz.png
ruon_wildhoof,assets\cards\ruon_wildhoof.png
rupture,assets\cards\rupture.png
ruthless_execution,assets\cards\ruthless_execution.png
ruthless_gladiators_decapitator,assets\cards\ruthless_gladiators_decapitator.png
ruthlessness,assets\cards\ruthlessness.png
rwlrwlrwlrwl,assets\cards\rwlrwlrwlrwl.png
ryn_dreamstrider,assets\cards\ryn_dreamstrider.png
ryno_the_short,assets\cards\ryno_the_short.png
ryno_the_wicked,assets\cards\ryno_the_wicked.png
rysa_the_earthcaller,assets\cards\rysa_the_earthcaller.png
sacred_circle,assets\cards\sacred_circle.png
sacred_duty,assets\cards\sacred_duty.png
sacred_moment,assets\cards\sacred_moment.png
sacred_purification,assets\cards\sacred_purification.png
sacred_shield,assets\cards\sacred_shield.png
sacrifical_poison,assets\cards\sacrifical_poison.png
sacrifices_must_be_made,assets\cards\sacrifices_must_be_made.png
sacrificial_vengeance,assets\cards\sacrificial_vengeance.png
safeguard,assets\cards\safeguard.png
sahma_brighthorn,assets\cards\sahma_brighthorn.png
sal_grimstalker,assets\cards\sal_grimstalker.png
saliva_corroded_pike,assets\cards\saliva_corroded_pike.png
salt_the_wounds,assets\cards\salt_the_wounds.png
saltwater_snapjaw,assets\cards\saltwater_snapjaw.png
salvation,assets\cards\salvation.png
salvo,assets\cards\salvo.png
samael_the_bloodpoint,assets\cards\samael_the_bloodpoint.png
samaku_hand_of_the_tempest,assets\cards\samaku_hand_of_the_tempest.png
samantha_galvington,assets\cards\samantha_galvington.png
samophlange,assets\cards\samophlange.png
sampron_the_banisher,assets\cards\sampron_the_banisher.png
samuel_grey,assets\cards\samuel_grey.png
samuel_harrison,assets\cards\samuel_harrison.png
sana_the_black_blade,assets\cards\sana_the_black_blade.png
sanctity_aura,assets\cards\sanctity_aura.png
sand_scarab,assets\cards\sand_scarab.png
sandbox_tiger,assets\cards\sandbox_tiger.png
sanguine_presence,assets\cards\sanguine_presence.png
sanva,assets\cards\sanva.png
sap,assets\cards\sap.png
sapphiron_drape,assets\cards\sapphiron_drape.png
sardok,assets\cards\sardok.png
sarina_the_immaculate,assets\cards\sarina_the_immaculate.png
sarlia,assets\cards\sarlia.png
sarmoth,assets\cards\sarmoth.png
sarn_earthtrembler,assets\cards\sarn_earthtrembler.png
saurfang_the_younger,assets\cards\saurfang_the_younger.png
saurfang_the_younger_korkron_warlord,assets\cards\saurfang_the_younger_korkron_warlord.png
savage_bear_form,assets\cards\savage_bear_form.png
savage_beatdown,assets\cards\savage_beatdown.png
savage_cat_form,assets\cards\savage_cat_form.png
savage_combat,assets\cards\savage_combat.png
savage_fury,assets\cards\savage_fury.png
savage_raptor,assets\cards\savage_raptor.png
savage_roar,assets\cards\savage_roar.png
savage_wrathguard,assets\cards\savage_wrathguard.png
savagin_the_reckless,assets\cards\savagin_the_reckless.png
savin_lightguard,assets\cards\savin_lightguard.png
savina_greysky,assets\cards\savina_greysky.png
savis_cindur,assets\cards\savis_cindur.png
savitir_skullsmasher,assets\cards\savitir_skullsmasher.png
savuka_the_acute,assets\cards\savuka_the_acute.png
scald,assets\cards\scald.png
scalding_totem,assets\cards\scalding_totem.png
scaled_breastplate_of_carnage,assets\cards\scaled_breastplate_of_carnage.png
scalp_of_the_bandit_prince,assets\cards\scalp_of_the_bandit_prince.png
scaramanga,assets\cards\scaramanga.png
scarlet_commander_renault_mograine,assets\cards\scarlet_commander_renault_mograine.png
scarlet_kris,assets\cards\scarlet_kris.png
scarlet_monastery,assets\cards\scarlet_monastery.png
scarlet_renegade,assets\cards\scarlet_renegade.png
scatter_shot,assets\cards\scatter_shot.png
scent_of_nature,assets\cards\scent_of_nature.png
scepter_of_azshara,assets\cards\scepter_of_azshara.png
scepter_of_power,assets\cards\scepter_of_power.png
scepter_of_the_unholy,assets\cards\scepter_of_the_unholy.png
scheming_dreadlord,assets\cards\scheming_dreadlord.png
scheming_watcher,assets\cards\scheming_watcher.png
scholar_krosiss,assets\cards\scholar_krosiss.png
scimitar_of_the_nexus_stalkers,assets\cards\scimitar_of_the_nexus_stalkers.png
scimitar_of_the_sirocco,assets\cards\scimitar_of_the_sirocco.png
scorch,assets\cards\scorch.png
scorching_totem,assets\cards\scorching_totem.png
scorpid_sting,assets\cards\scorpid_sting.png
scourge_tactics,assets\cards\scourge_tactics.png
scourgeborne_battlegear,assets\cards\scourgeborne_battlegear.png
scouring_the_desert,assets\cards\scouring_the_desert.png
scout_kurgo,assets\cards\scout_kurgo.png
scout_omerrta,assets\cards\scout_omerrta.png
scrapper_ironbane,assets\cards\scrapper_ironbane.png
scraps,assets\cards\scraps.png
screeching_shot,assets\cards\screeching_shot.png
scroll_of_town_portal,assets\cards\scroll_of_town_portal.png
scryers_bloodgem,assets\cards\scryers_bloodgem.png
sea_legs,assets\cards\sea_legs.png
seadog_nally,assets\cards\seadog_nally.png
seal_fate,assets\cards\seal_fate.png
seal_of_betrayal,assets\cards\seal_of_betrayal.png
seal_of_blood,assets\cards\seal_of_blood.png
seal_of_command,assets\cards\seal_of_command.png
seal_of_divinity,assets\cards\seal_of_divinity.png
seal_of_justice,assets\cards\seal_of_justice.png
seal_of_light,assets\cards\seal_of_light.png
seal_of_purity,assets\cards\seal_of_purity.png
seal_of_redemption,assets\cards\seal_of_redemption.png
seal_of_retribution,assets\cards\seal_of_retribution.png
seal_of_righteousness,assets\cards\seal_of_righteousness.png
seal_of_sanctity,assets\cards\seal_of_sanctity.png
seal_of_the_crusader,assets\cards\seal_of_the_crusader.png
seal_of_vengeance,assets\cards\seal_of_vengeance.png
seal_of_wisdom,assets\cards\seal_of_wisdom.png
seal_of_wrath,assets\cards\seal_of_wrath.png
seamus_somerset,assets\cards\seamus_somerset.png
sear,assets\cards\sear.png
searing_light,assets\cards\searing_light.png
searing_pain,assets\cards\searing_pain.png
searing_totem,assets\cards\searing_totem.png
sebastian_malak,assets\cards\sebastian_malak.png
secrets_of_the_ages,assets\cards\secrets_of_the_ages.png
securing_the_ramparts,assets\cards\securing_the_ramparts.png
seed_of_corruption,assets\cards\seed_of_corruption.png
seeds_of_the_lashers,assets\cards\seeds_of_the_lashers.png
seeds_of_their_demise,assets\cards\seeds_of_their_demise.png
seeping_poison,assets\cards\seeping_poison.png
seeping_shadows,assets\cards\seeping_shadows.png
seers_signet,assets\cards\seers_signet.png
sek_grimlash,assets\cards\sek_grimlash.png
selora,assets\cards\selora.png
senjin,assets\cards\senjin.png
senjin_village,assets\cards\senjin_village.png
sentry_gwynn,assets\cards\sentry_gwynn.png
sentry_totem,assets\cards\sentry_totem.png
senzir_beastwalker,assets\cards\senzir_beastwalker.png
sepirion,assets\cards\sepirion.png
sepirion_the_poised,assets\cards\sepirion_the_poised.png
seraph_the_exalted,assets\cards\seraph_the_exalted.png
seraxa_brightmix,assets\cards\seraxa_brightmix.png
seres_timewalker_assassin,assets\cards\seres_timewalker_assassin.png
sergeant_corsetti,assets\cards\sergeant_corsetti.png
sergeant_pugg,assets\cards\sergeant_pugg.png
serpent_sting,assets\cards\serpent_sting.png
serpentcrest_life_staff,assets\cards\serpentcrest_life_staff.png
serpents_nest,assets\cards\serpents_nest.png
servant_of_neptulon,assets\cards\servant_of_neptulon.png
servant_of_terestian,assets\cards\servant_of_terestian.png
set_ablaze,assets\cards\set_ablaze.png
setesh_construct_of_destruction,assets\cards\setesh_construct_of_destruction.png
seths_graphite_fishing_pole,assets\cards\seths_graphite_fishing_pole.png
setting_an_example,assets\cards\setting_an_example.png
seva_shadowdancer,assets\cards\seva_shadowdancer.png
sever_the_cord,assets\cards\sever_the_cord.png
severed_visionary_tentacle,assets\cards\severed_visionary_tentacle.png
shaafun,assets\cards\shaafun.png
shadala,assets\cards\shadala.png
shade_emissary_vaxxod,assets\cards\shade_emissary_vaxxod.png
shade_of_aran,assets\cards\shade_of_aran.png
shade_of_arugal,assets\cards\shade_of_arugal.png
shadow,assets\cards\shadow.png
shadow_and_flame,assets\cards\shadow_and_flame.png
shadow_bolt,assets\cards\shadow_bolt.png
shadow_burst,assets\cards\shadow_burst.png
shadow_dance,assets\cards\shadow_dance.png
shadow_resistance_aura,assets\cards\shadow_resistance_aura.png
shadow_silhouttes,assets\cards\shadow_silhouttes.png
shadow_strikes,assets\cards\shadow_strikes.png
shadow_ward,assets\cards\shadow_ward.png
shadow_weaving,assets\cards\shadow_weaving.png
shadow_word_agony,assets\cards\shadow_word_agony.png
shadow_word_anguish,assets\cards\shadow_word_anguish.png
shadow_word_chaos,assets\cards\shadow_word_chaos.png
shadow_word_corruption,assets\cards\shadow_word_corruption.png
shadow_word_death,assets\cards\shadow_word_death.png
shadow_word_despair,assets\cards\shadow_word_despair.png
shadow_word_devour,assets\cards\shadow_word_devour.png
shadow_word_pain,assets\cards\shadow_word_pain.png
shadowburn,assets\cards\shadowburn.png
shadowfang_keep,assets\cards\shadowfang_keep.png
shadowfiend,assets\cards\shadowfiend.png
shadowform,assets\cards\shadowform.png
shadowfury,assets\cards\shadowfury.png
shadowglen_stalker,assets\cards\shadowglen_stalker.png
shadowmeld,assets\cards\shadowmeld.png
shadowmistress_jezebel_hawke,assets\cards\shadowmistress_jezebel_hawke.png
shadowmoon_mage,assets\cards\shadowmoon_mage.png
shadowmourne,assets\cards\shadowmourne.png
shadowprowlers_chestguard,assets\cards\shadowprowlers_chestguard.png
shadows_from_beyond,assets\cards\shadows_from_beyond.png
shadows_of_death,assets\cards\shadows_of_death.png
shadowseer_calista,assets\cards\shadowseer_calista.png
shadowseer_thraner,assets\cards\shadowseer_thraner.png
shadowstalkers_sash,assets\cards\shadowstalkers_sash.png
shadowstep,assets\cards\shadowstep.png
shadowstrike,assets\cards\shadowstrike.png
shadowy_appartion,assets\cards\shadowy_appartion.png
shaera_strikewing,assets\cards\shaera_strikewing.png
shaii_strategist_supreme,assets\cards\shaii_strategist_supreme.png
shaka_deadmark,assets\cards\shaka_deadmark.png
shakar,assets\cards\shakar.png
shalazum,assets\cards\shalazum.png
shalin_nightwind,assets\cards\shalin_nightwind.png
shalu_stormshatter,assets\cards\shalu_stormshatter.png
shalugdoom_the_axe_of_unmaking,assets\cards\shalugdoom_the_axe_of_unmaking.png
shalyssa_groveshaper,assets\cards\shalyssa_groveshaper.png
shaman_training,assets\cards\shaman_training.png
shamanistic_dual_wield,assets\cards\shamanistic_dual_wield.png
shamanistic_rage,assets\cards\shamanistic_rage.png
shandris_feathermoon,assets\cards\shandris_feathermoon.png
shanis_bladefall,assets\cards\shanis_bladefall.png
shanla_herald_of_faith,assets\cards\shanla_herald_of_faith.png
shard_of_the_flame,assets\cards\shard_of_the_flame.png
shard_of_the_scale,assets\cards\shard_of_the_scale.png
shard_of_the_virtuous,assets\cards\shard_of_the_virtuous.png
sharial,assets\cards\sharial.png
sharp_eye,assets\cards\sharp_eye.png
sharpeye_yanja,assets\cards\sharpeye_yanja.png
sharpshooter_nally,assets\cards\sharpshooter_nally.png
shattered_hand_assassin,assets\cards\shattered_hand_assassin.png
shattered_hand_cutthroat,assets\cards\shattered_hand_cutthroat.png
shattering_blow,assets\cards\shattering_blow.png
shattering_strike,assets\cards\shattering_strike.png
shattering_throw,assets\cards\shattering_throw.png
shattrath_city_peacekeeper,assets\cards\shattrath_city_peacekeeper.png
shawl_of_haunted_memories,assets\cards\shawl_of_haunted_memories.png
shawn_of_the_dead,assets\cards\shawn_of_the_dead.png
shaylith_swiftblade,assets\cards\shaylith_swiftblade.png
shaytha_lumenira,assets\cards\shaytha_lumenira.png
sheath_of_light,assets\cards\sheath_of_light.png
shelly,assets\cards\shelly.png
shelter,assets\cards\shelter.png
shelter_the_flock,assets\cards\shelter_the_flock.png
shem_reznict,assets\cards\shem_reznict.png
shield_bash,assets\cards\shield_bash.png
shield_block,assets\cards\shield_block.png
shield_of_distortion,assets\cards\shield_of_distortion.png
shield_of_light,assets\cards\shield_of_light.png
shield_of_the_righteous,assets\cards\shield_of_the_righteous.png
shield_of_wield,assets\cards\shield_of_wield.png
shield_slam,assets\cards\shield_slam.png
shield_wall,assets\cards\shield_wall.png
shiv,assets\cards\shiv.png
shivarra_deathspeaker,assets\cards\shivarra_deathspeaker.png
shiverspine,assets\cards\shiverspine.png
shock_and_soothe,assets\cards\shock_and_soothe.png
shock_of_the_elements,assets\cards\shock_of_the_elements.png
shockburst,assets\cards\shockburst.png
shockwave,assets\cards\shockwave.png
short_john_mithril,assets\cards\short_john_mithril.png
shoulderpads_of_fleshwerks,assets\cards\shoulderpads_of_fleshwerks.png
showdown,assets\cards\showdown.png
shred,assets\cards\shred.png
shred_soul,assets\cards\shred_soul.png
shroud_of_cooperation,assets\cards\shroud_of_cooperation.png
shroud_of_the_archmage,assets\cards\shroud_of_the_archmage.png
shroud_of_the_high_priest,assets\cards\shroud_of_the_high_priest.png
shroud_of_the_nethermancer,assets\cards\shroud_of_the_nethermancer.png
shumuzun,assets\cards\shumuzun.png
shuriken_of_negation,assets\cards\shuriken_of_negation.png
shutting_down_manaforge_ara,assets\cards\shutting_down_manaforge_ara.png
si_7_assassin,assets\cards\si_7_assassin.png
siamat_lord_of_the_south_wind,assets\cards\siamat_lord_of_the_south_wind.png
siaranna_the_fickle,assets\cards\siaranna_the_fickle.png
sigil_of_the_legion,assets\cards\sigil_of_the_legion.png
sigil_of_the_vengeful_heart,assets\cards\sigil_of_the_vengeful_heart.png
signed_in_blood,assets\cards\signed_in_blood.png
signet_of_manifested_pain,assets\cards\signet_of_manifested_pain.png
signet_of_the_impregnable_fortress,assets\cards\signet_of_the_impregnable_fortress.png
signet_of_the_timewalker,assets\cards\signet_of_the_timewalker.png
silea_dawnwalker,assets\cards\silea_dawnwalker.png
silencing_shot,assets\cards\silencing_shot.png
silent_crusader,assets\cards\silent_crusader.png
silent_fang,assets\cards\silent_fang.png
silithus,assets\cards\silithus.png
silvermoon_city,assets\cards\silvermoon_city.png
silvermoon_sentinels,assets\cards\silvermoon_sentinels.png
sindozur_the_toxifier,assets\cards\sindozur_the_toxifier.png
sindragosa_the_frost_queen,assets\cards\sindragosa_the_frost_queen.png
sinestra,assets\cards\sinestra.png
singing_crystal_axe,assets\cards\singing_crystal_axe.png
sinister_revenge,assets\cards\sinister_revenge.png
sinister_set_up,assets\cards\sinister_set_up.png
sinister_strike,assets\cards\sinister_strike.png
sinister_watcher,assets\cards\sinister_watcher.png
sinthya_flabberghast,assets\cards\sinthya_flabberghast.png
siphon_life,assets\cards\siphon_life.png
siphon_of_undeath,assets\cards\siphon_of_undeath.png
sirakess_tide_priestess,assets\cards\sirakess_tide_priestess.png
sironas,assets\cards\sironas.png
sister_colleen_tulley,assets\cards\sister_colleen_tulley.png
sister_of_seduction,assets\cards\sister_of_seduction.png
sister_remba,assets\cards\sister_remba.png
sister_rot,assets\cards\sister_rot.png
sivandra_darklust,assets\cards\sivandra_darklust.png
sixto_the_eath_blessed,assets\cards\sixto_the_eath_blessed.png
skaala_of_the_somber_watch,assets\cards\skaala_of_the_somber_watch.png
skaduzzle,assets\cards\skaduzzle.png
skarr_the_unbreakable,assets\cards\skarr_the_unbreakable.png
skeletal_warhorse,assets\cards\skeletal_warhorse.png
skewer,assets\cards\skewer.png
skibis_pendant,assets\cards\skibis_pendant.png
skinned_whelp_shoulders,assets\cards\skinned_whelp_shoulders.png
skitter,assets\cards\skitter.png
skodis_the_nethertwister,assets\cards\skodis_the_nethertwister.png
skorn_mistress_of_shadow,assets\cards\skorn_mistress_of_shadow.png
skronk_skullseeker,assets\cards\skronk_skullseeker.png
skullchewer,assets\cards\skullchewer.png
skullflame_shield,assets\cards\skullflame_shield.png
skullstealer_greataxe,assets\cards\skullstealer_greataxe.png
skumm_baggo,assets\cards\skumm_baggo.png
skumm_the_pillager,assets\cards\skumm_the_pillager.png
sky_captain_swayze,assets\cards\sky_captain_swayze.png
sky_hunter_swift_boots,assets\cards\sky_hunter_swift_boots.png
skyfire_hawk_bow,assets\cards\skyfire_hawk_bow.png
skymistress_taranna,assets\cards\skymistress_taranna.png
skywall,assets\cards\skywall.png
skywing,assets\cards\skywing.png
slam,assets\cards\slam.png
slash_and_dash,assets\cards\slash_and_dash.png
slashdance,assets\cards\slashdance.png
slaughter,assets\cards\slaughter.png
slaughter_from_the_shadows,assets\cards\slaughter_from_the_shadows.png
slay_or_stay,assets\cards\slay_or_stay.png
slay_the_feeble,assets\cards\slay_the_feeble.png
slayers_waistguard,assets\cards\slayers_waistguard.png
slice_and_dice,assets\cards\slice_and_dice.png
slimefin,assets\cards\slimefin.png
slippyfist,assets\cards\slippyfist.png
slow,assets\cards\slow.png
sludgelauncher_krillzix,assets\cards\sludgelauncher_krillzix.png
smash,assets\cards\smash.png
smite,assets\cards\smite.png
smites_reaver,assets\cards\smites_reaver.png
smoke_bomb,assets\cards\smoke_bomb.png
smoke_or_croak,assets\cards\smoke_or_croak.png
smoke_screen,assets\cards\smoke_screen.png
smoldering_blast,assets\cards\smoldering_blast.png
snaggle,assets\cards\snaggle.png
snake_trap,assets\cards\snake_trap.png
snappyfin,assets\cards\snappyfin.png
snare_from_beyond,assets\cards\snare_from_beyond.png
snarl_hellwind,assets\cards\snarl_hellwind.png
sneak,assets\cards\sneak.png
snig_feralsnout,assets\cards\snig_feralsnout.png
snipe,assets\cards\snipe.png
sniper_training,assets\cards\sniper_training.png
snurky,assets\cards\snurky.png
soggypaw,assets\cards\soggypaw.png
sogoridon_the_savage,assets\cards\sogoridon_the_savage.png
solanians_belongings,assets\cards\solanians_belongings.png
someone_elses_hard_work_pays_off,assets\cards\someone_elses_hard_work_pays_off.png
something_that_burns,assets\cards\something_that_burns.png
sonic_spear,assets\cards\sonic_spear.png
soothing_brimstone_circle,assets\cards\soothing_brimstone_circle.png
soothing_wave,assets\cards\soothing_wave.png
soram_wildbark,assets\cards\soram_wildbark.png
sorga_the_swift,assets\cards\sorga_the_swift.png
soridormi,assets\cards\soridormi.png
sorrows_end,assets\cards\sorrows_end.png
sotmrshield_of_renewal,assets\cards\sotmrshield_of_renewal.png
soul_binding,assets\cards\soul_binding.png
soul_casket,assets\cards\soul_casket.png
soul_cleave,assets\cards\soul_cleave.png
soul_eater_morgania,assets\cards\soul_eater_morgania.png
soul_eaters_handwraps,assets\cards\soul_eaters_handwraps.png
soul_inversion,assets\cards\soul_inversion.png
soul_link,assets\cards\soul_link.png
soul_of_the_dead,assets\cards\soul_of_the_dead.png
soul_pox,assets\cards\soul_pox.png
soul_rend,assets\cards\soul_rend.png
soul_swap,assets\cards\soul_swap.png
soul_trap,assets\cards\soul_trap.png
soul_warding,assets\cards\soul_warding.png
soulbond,assets\cards\soulbond.png
soulde_the_earthshaker,assets\cards\soulde_the_earthshaker.png
souldrinker,assets\cards\souldrinker.png
souldrinker_bogmara,assets\cards\souldrinker_bogmara.png
soulrender_keldah,assets\cards\soulrender_keldah.png
soulseeker_huulo,assets\cards\soulseeker_huulo.png
soulshatter,assets\cards\soulshatter.png
soulstealer_adams,assets\cards\soulstealer_adams.png
soulstone,assets\cards\soulstone.png
soup_for_the_soul,assets\cards\soup_for_the_soul.png
southshore,assets\cards\southshore.png
spark,assets\cards\spark.png
spark_of_brilliance,assets\cards\spark_of_brilliance.png
spark_of_life,assets\cards\spark_of_life.png
spark_of_rage,assets\cards\spark_of_rage.png
sparkington_the_abrupt,assets\cards\sparkington_the_abrupt.png
spaulders_of_eternity,assets\cards\spaulders_of_eternity.png
spaulders_of_lost_secrets,assets\cards\spaulders_of_lost_secrets.png
spaulders_of_the_scarred_lady,assets\cards\spaulders_of_the_scarred_lady.png
spawn_of_hyakiss,assets\cards\spawn_of_hyakiss.png
spawn_of_rokad,assets\cards\spawn_of_rokad.png
spawn_of_shadikith,assets\cards\spawn_of_shadikith.png
spectral_kitten,assets\cards\spectral_kitten.png
spectral_tiger,assets\cards\spectral_tiger.png
spell_reflection,assets\cards\spell_reflection.png
spell_ricochet,assets\cards\spell_ricochet.png
spell_suppression,assets\cards\spell_suppression.png
spellbreakers_buckler,assets\cards\spellbreakers_buckler.png
spellsteal,assets\cards\spellsteal.png
spellstrike_hood,assets\cards\spellstrike_hood.png
spellweaver_jihan,assets\cards\spellweaver_jihan.png
spelunker_maddocks,assets\cards\spelunker_maddocks.png
sphere_of_divinity,assets\cards\sphere_of_divinity.png
spider_legs_mcgillicutty,assets\cards\spider_legs_mcgillicutty.png
spinal_reaper,assets\cards\spinal_reaper.png
spinning_fate,assets\cards\spinning_fate.png
spire_of_scarlet_pain,assets\cards\spire_of_scarlet_pain.png
spire_of_sunset,assets\cards\spire_of_sunset.png
spirit_bond,assets\cards\spirit_bond.png
spirit_healer,assets\cards\spirit_healer.png
spirit_link_totem,assets\cards\spirit_link_totem.png
spirit_of_redemption,assets\cards\spirit_of_redemption.png
spirit_of_stormrage,assets\cards\spirit_of_stormrage.png
spirit_shield,assets\cards\spirit_shield.png
spirit_totem,assets\cards\spirit_totem.png
spirit_weapons,assets\cards\spirit_weapons.png
spirits_of_auchindoun,assets\cards\spirits_of_auchindoun.png
spiritual_attunement,assets\cards\spiritual_attunement.png
spiritual_awakening,assets\cards\spiritual_awakening.png
spiritual_domination,assets\cards\spiritual_domination.png
spiritual_harmony,assets\cards\spiritual_harmony.png
spiritual_healing,assets\cards\spiritual_healing.png
spiritual_imbalance,assets\cards\spiritual_imbalance.png
spiritual_return,assets\cards\spiritual_return.png
spiritualist_sunshroud,assets\cards\spiritualist_sunshroud.png
spiritwalker_kavije,assets\cards\spiritwalker_kavije.png
splashtooth,assets\cards\splashtooth.png
splinter_mind,assets\cards\splinter_mind.png
splintered_brimstone_seal,assets\cards\splintered_brimstone_seal.png
splintered_thought,assets\cards\splintered_thought.png
split_greathammer,assets\cards\split_greathammer.png
split_open,assets\cards\split_open.png
spoils_of_the_hunt,assets\cards\spoils_of_the_hunt.png
spook,assets\cards\spook.png
spread_the_word,assets\cards\spread_the_word.png
sprint,assets\cards\sprint.png
spurious_sarcophagus,assets\cards\spurious_sarcophagus.png
spy_of_kilrogg,assets\cards\spy_of_kilrogg.png
spymaster_thalodien,assets\cards\spymaster_thalodien.png
squall_totem,assets\cards\squall_totem.png
sranglevine,assets\cards\sranglevine.png
stab_in_the_dark,assets\cards\stab_in_the_dark.png
stable_master,assets\cards\stable_master.png
stacia_markton,assets\cards\stacia_markton.png
stafajul,assets\cards\stafajul.png
staff_of_ammunae,assets\cards\staff_of_ammunae.png
staff_of_dominance,assets\cards\staff_of_dominance.png
staff_of_infinite_mysteries,assets\cards\staff_of_infinite_mysteries.png
staff_of_silence,assets\cards\staff_of_silence.png
staff_of_sinister_claws,assets\cards\staff_of_sinister_claws.png
staff_of_sorceror_thane_thaurissan,assets\cards\staff_of_sorceror_thane_thaurissan.png
staff_of_the_ashtongue_deathsworn,assets\cards\staff_of_the_ashtongue_deathsworn.png
staff_of_the_ruins,assets\cards\staff_of_the_ruins.png
staff_of_trickery,assets\cards\staff_of_trickery.png
stained_shadowcraft_cap,assets\cards\stained_shadowcraft_cap.png
stained_shadowcraft_spaulders,assets\cards\stained_shadowcraft_spaulders.png
stained_shadowcraft_tunic,assets\cards\stained_shadowcraft_tunic.png
stakethrower,assets\cards\stakethrower.png
stalk_of_corruption,assets\cards\stalk_of_corruption.png
stalwart_bear_form,assets\cards\stalwart_bear_form.png
stalwart_protector,assets\cards\stalwart_protector.png
stance_mastery,assets\cards\stance_mastery.png
standards_and_practices,assets\cards\standards_and_practices.png
starburst,assets\cards\starburst.png
starfire,assets\cards\starfire.png
stargaze,assets\cards\stargaze.png
stargazer_ronal,assets\cards\stargazer_ronal.png
starli,assets\cards\starli.png
starshot,assets\cards\starshot.png
stasis,assets\cards\stasis.png
statia_the_preserver,assets\cards\statia_the_preserver.png
static_shock,assets\cards\static_shock.png
statue_generator,assets\cards\statue_generator.png
staunch_reprisal,assets\cards\staunch_reprisal.png
steady_shot,assets\cards\steady_shot.png
steal_essence,assets\cards\steal_essence.png
steal_steel,assets\cards\steal_steel.png
stealth,assets\cards\stealth.png
steelguard_adamson,assets\cards\steelguard_adamson.png
steelhawk_crossbow,assets\cards\steelhawk_crossbow.png
steelsmith_joseph_carroll,assets\cards\steelsmith_joseph_carroll.png
stella_bellamy,assets\cards\stella_bellamy.png
stella_forgebane,assets\cards\stella_forgebane.png
stellaris,assets\cards\stellaris.png
stephen_hathrow,assets\cards\stephen_hathrow.png
stevrona_forgemender,assets\cards\stevrona_forgemender.png
stifling_decree,assets\cards\stifling_decree.png
stitches,assets\cards\stitches.png
stone_guard_rashun,assets\cards\stone_guard_rashun.png
stonebranch_ancient_of_war,assets\cards\stonebranch_ancient_of_war.png
stoneclaw_totem,assets\cards\stoneclaw_totem.png
stoneform,assets\cards\stoneform.png
stoneskin_totem,assets\cards\stoneskin_totem.png
stonespine_gargoyle,assets\cards\stonespine_gargoyle.png
storm_of_the_ages,assets\cards\storm_of_the_ages.png
storm_shock,assets\cards\storm_shock.png
stormfire,assets\cards\stormfire.png
stormfury_black_blade_of_the_betrayer,assets\cards\stormfury_black_blade_of_the_betrayer.png
stormpike_insignia,assets\cards\stormpike_insignia.png
stormrage_cover,assets\cards\stormrage_cover.png
stormrage_legguards,assets\cards\stormrage_legguards.png
stormrage_signet_ring,assets\cards\stormrage_signet_ring.png
stormstrike,assets\cards\stormstrike.png
stormstrike_mace,assets\cards\stormstrike_mace.png
stormtip,assets\cards\stormtip.png
stormwind_city,assets\cards\stormwind_city.png
stormwind_investigator,assets\cards\stormwind_investigator.png
stormwind_recruit,assets\cards\stormwind_recruit.png
stormwind_summoner,assets\cards\stormwind_summoner.png
stormwind_tabard,assets\cards\stormwind_tabard.png
strangling_roots,assets\cards\strangling_roots.png
strangulate,assets\cards\strangulate.png
strength_of_arms,assets\cards\strength_of_arms.png
strength_of_battle,assets\cards\strength_of_battle.png
strength_of_earth_totem,assets\cards\strength_of_earth_totem.png
strength_of_will,assets\cards\strength_of_will.png
strife,assets\cards\strife.png
strike,assets\cards\strike.png
strikers_mark,assets\cards\strikers_mark.png
string_of_beaded_bubbles,assets\cards\string_of_beaded_bubbles.png
strong_handed_ring,assets\cards\strong_handed_ring.png
stronghold_guantlets,assets\cards\stronghold_guantlets.png
strongroot_ancient_of_war,assets\cards\strongroot_ancient_of_war.png
stylean_silversteel,assets\cards\stylean_silversteel.png
subdue,assets\cards\subdue.png
sublimate,assets\cards\sublimate.png
sudden_death,assets\cards\sudden_death.png
sudden_reversal,assets\cards\sudden_reversal.png
sudden_shot,assets\cards\sudden_shot.png
suffocating_grip,assets\cards\suffocating_grip.png
sulfuras_hand_of_ragnaros,assets\cards\sulfuras_hand_of_ragnaros.png
sulfuras_the_extinguished_hand,assets\cards\sulfuras_the_extinguished_hand.png
sullivan_holmes,assets\cards\sullivan_holmes.png
sumijin_guardian_of_cenarius,assets\cards\sumijin_guardian_of_cenarius.png
summoning_portal,assets\cards\summoning_portal.png
sun_emblazoned_chestplate,assets\cards\sun_emblazoned_chestplate.png
sun_gilded_shouldercaps,assets\cards\sun_gilded_shouldercaps.png
suncaller_haruh,assets\cards\suncaller_haruh.png
sunder_armor,assets\cards\sunder_armor.png
sunfire,assets\cards\sunfire.png
sunfire_handwraps,assets\cards\sunfire_handwraps.png
sunfury_bow_of_the_phoenix,assets\cards\sunfury_bow_of_the_phoenix.png
sunfury_briefings,assets\cards\sunfury_briefings.png
sunguard_cersie,assets\cards\sunguard_cersie.png
sunhoof_consecrator,assets\cards\sunhoof_consecrator.png
sunken_treasure,assets\cards\sunken_treasure.png
sunseeker_astromage,assets\cards\sunseeker_astromage.png
sunstalker_andora,assets\cards\sunstalker_andora.png
sunstalker_melan,assets\cards\sunstalker_melan.png
sunwalker_lighthorn,assets\cards\sunwalker_lighthorn.png
sunwalker_nahano,assets\cards\sunwalker_nahano.png
super_hot_strew,assets\cards\super_hot_strew.png
super_mana_potion,assets\cards\super_mana_potion.png
super_simian_sphere,assets\cards\super_simian_sphere.png
superior_mana_oil,assets\cards\superior_mana_oil.png
supernova,assets\cards\supernova.png
sura_lightningheart,assets\cards\sura_lightningheart.png
surge_of_adrenaline,assets\cards\surge_of_adrenaline.png
surge_of_blood,assets\cards\surge_of_blood.png
surge_of_life,assets\cards\surge_of_life.png
surge_of_lightning,assets\cards\surge_of_lightning.png
surge_of_power,assets\cards\surge_of_power.png
surgical_strikes,assets\cards\surgical_strikes.png
surprise_attacks,assets\cards\surprise_attacks.png
survey_the_land,assets\cards\survey_the_land.png
survival_instincts,assets\cards\survival_instincts.png
suspended_curse,assets\cards\suspended_curse.png
sustain_or_reclaim,assets\cards\sustain_or_reclaim.png
susvayin,assets\cards\susvayin.png
suvok_frozeneye,assets\cards\suvok_frozeneye.png
swallow_soul,assets\cards\swallow_soul.png
swarmtooth,assets\cards\swarmtooth.png
sweeping_strikes,assets\cards\sweeping_strikes.png
swift_assault,assets\cards\swift_assault.png
swift_discipline,assets\cards\swift_discipline.png
swift_hand_of_justice,assets\cards\swift_hand_of_justice.png
swift_hawkstrider,assets\cards\swift_hawkstrider.png
swift_mechanostrider,assets\cards\swift_mechanostrider.png
swift_nightsaber,assets\cards\swift_nightsaber.png
swift_palomino,assets\cards\swift_palomino.png
swift_ram,assets\cards\swift_ram.png
swift_raptor,assets\cards\swift_raptor.png
swift_timber_wolf,assets\cards\swift_timber_wolf.png
swifteye,assets\cards\swifteye.png
swiftshift,assets\cards\swiftshift.png
swiftsteel_bracers,assets\cards\swiftsteel_bracers.png
swindle,assets\cards\swindle.png
swipe,assets\cards\swipe.png
swirling_flames,assets\cards\swirling_flames.png
sword_of_a_thousand_truths,assets\cards\sword_of_a_thousand_truths.png
sword_of_justice,assets\cards\sword_of_justice.png
sword_of_zeal,assets\cards\sword_of_zeal.png
swordsmith_hanso,assets\cards\swordsmith_hanso.png
syluri,assets\cards\syluri.png
sylvanas_queen_of_the_forsaken,assets\cards\sylvanas_queen_of_the_forsaken.png
sylvanas_windrunner,assets\cards\sylvanas_windrunner.png
sympathy,assets\cards\sympathy.png
syreian_the_bonecarver,assets\cards\syreian_the_bonecarver.png
tabard_of_the_legion,assets\cards\tabard_of_the_legion.png
tabards_of_the_illidari,assets\cards\tabards_of_the_illidari.png
tactical_mastery,assets\cards\tactical_mastery.png
tahanu_brinkrunner,assets\cards\tahanu_brinkrunner.png
taheo_skyspeaker,assets\cards\taheo_skyspeaker.png
tailgunner,assets\cards\tailgunner.png
tainted_earth,assets\cards\tainted_earth.png
takara_timewalker_warlord,assets\cards\takara_timewalker_warlord.png
take_the_shot,assets\cards\take_the_shot.png
talaan_solaras,assets\cards\talaan_solaras.png
talasite_owl,assets\cards\talasite_owl.png
tales_of_destruction,assets\cards\tales_of_destruction.png
talian_bladebender,assets\cards\talian_bladebender.png
taliax_the_ironjaw,assets\cards\taliax_the_ironjaw.png
talisman_of_ephermeral_power,assets\cards\talisman_of_ephermeral_power.png
talisman_of_the_alliance,assets\cards\talisman_of_the_alliance.png
talisman_of_the_horde,assets\cards\talisman_of_the_horde.png
talismanic_textiles_dalaran,assets\cards\talismanic_textiles_dalaran.png
tallie_sprinklelight,assets\cards\tallie_sprinklelight.png
taluret_herald_of_faith,assets\cards\taluret_herald_of_faith.png
tanglevine,assets\cards\tanglevine.png
tani_bixtix,assets\cards\tani_bixtix.png
tania_falan,assets\cards\tania_falan.png
tankatronic_goggles,assets\cards\tankatronic_goggles.png
tanks_for_everything_dalaran,assets\cards\tanks_for_everything_dalaran.png
tanwa_marksman,assets\cards\tanwa_marksman.png
tanzuri,assets\cards\tanzuri.png
tarethas_diversion,assets\cards\tarethas_diversion.png
targak_the_felcrazed,assets\cards\targak_the_felcrazed.png
targus_roughblade,assets\cards\targus_roughblade.png
tarn_darkwalker,assets\cards\tarn_darkwalker.png
tarnished_raging_berserkers_helm,assets\cards\tarnished_raging_berserkers_helm.png
tarren_mill,assets\cards\tarren_mill.png
tarwila_gladespring,assets\cards\tarwila_gladespring.png
taste_for_blood,assets\cards\taste_for_blood.png
tattered_dreadmist_mantle,assets\cards\tattered_dreadmist_mantle.png
tattered_dreadmist_mask,assets\cards\tattered_dreadmist_mask.png
tattered_dreadmist_robe,assets\cards\tattered_dreadmist_robe.png
tatulla_the_reclaimer,assets\cards\tatulla_the_reclaimer.png
taunt,assets\cards\taunt.png
taunting_blows,assets\cards\taunting_blows.png
tauren_deathwalker,assets\cards\tauren_deathwalker.png
tauren_lightcaller,assets\cards\tauren_lightcaller.png
tauren_mystic,assets\cards\tauren_mystic.png
tauren_plainstrider,assets\cards\tauren_plainstrider.png
tauren_sunhoof,assets\cards\tauren_sunhoof.png
tauren_tracker,assets\cards\tauren_tracker.png
tauren_wildmender,assets\cards\tauren_wildmender.png
tawila_gladespring,assets\cards\tawila_gladespring.png
tazdingo,assets\cards\tazdingo.png
tazo,assets\cards\tazo.png
tazrik_crankrust,assets\cards\tazrik_crankrust.png
tears_of_aessina,assets\cards\tears_of_aessina.png
teebus_blazing_longsword,assets\cards\teebus_blazing_longsword.png
teina_cloudstalker,assets\cards\teina_cloudstalker.png
teldrassil_tracker,assets\cards\teldrassil_tracker.png
teldrassil_wildgurad,assets\cards\teldrassil_wildgurad.png
telescopic_sharprifle,assets\cards\telescopic_sharprifle.png
telor_sunsurge,assets\cards\telor_sunsurge.png
telrander,assets\cards\telrander.png
tempest_elemental,assets\cards\tempest_elemental.png
tempest_of_chaos,assets\cards\tempest_of_chaos.png
tempest_son_of_storms,assets\cards\tempest_son_of_storms.png
tempest_totem,assets\cards\tempest_totem.png
temporal_shift,assets\cards\temporal_shift.png
temporary_dissipation,assets\cards\temporary_dissipation.png
tendrils_of_darkness,assets\cards\tendrils_of_darkness.png
terenas_menethil_ii,assets\cards\terenas_menethil_ii.png
teresa_voidheart,assets\cards\teresa_voidheart.png
terestian_illhoof,assets\cards\terestian_illhoof.png
terina_calin,assets\cards\terina_calin.png
terokks_quill,assets\cards\terokks_quill.png
teron_gorefiend,assets\cards\teron_gorefiend.png
teron_gorefiend_i_am,assets\cards\teron_gorefiend_i_am.png
terrastra,assets\cards\terrastra.png
terrifying_shout,assets\cards\terrifying_shout.png
terrifying_visage,assets\cards\terrifying_visage.png
terror_hound,assets\cards\terror_hound.png
terror_of_the_tides,assets\cards\terror_of_the_tides.png
terror_pit_girdle,assets\cards\terror_pit_girdle.png
terrorguard_detonator,assets\cards\terrorguard_detonator.png
tesla,assets\cards\tesla.png
tessa_black,assets\cards\tessa_black.png
test_of_faith,assets\cards\test_of_faith.png
tewa_wildmane,assets\cards\tewa_wildmane.png
tez_tez_the_patchmonger,assets\cards\tez_tez_the_patchmonger.png
thadrus_shield_of_teldrassil,assets\cards\thadrus_shield_of_teldrassil.png
thag_big_bounty_cragshot,assets\cards\thag_big_bounty_cragshot.png
thaka_deadeye,assets\cards\thaka_deadeye.png
thane_kurdran_wildhammer,assets\cards\thane_kurdran_wildhammer.png
thane_ulfrang_the_mighty,assets\cards\thane_ulfrang_the_mighty.png
thangal,assets\cards\thangal.png
thanu_sunhorn,assets\cards\thanu_sunhorn.png
tharal_wildbreeze,assets\cards\tharal_wildbreeze.png
tharuk_foulblade,assets\cards\tharuk_foulblade.png
thassarian,assets\cards\thassarian.png
thatia_truthbringer,assets\cards\thatia_truthbringer.png
thats_abominable,assets\cards\thats_abominable.png
the_aim_of_eagles,assets\cards\the_aim_of_eagles.png
the_art_of_war,assets\cards\the_art_of_war.png
the_battle_is_won_the_war_goes_on,assets\cards\the_battle_is_won_the_war_goes_on.png
the_beast_within,assets\cards\the_beast_within.png
the_benefits_of_practice,assets\cards\the_benefits_of_practice.png
the_big_bad_wolf,assets\cards\the_big_bad_wolf.png
the_black_morass,assets\cards\the_black_morass.png
the_blood_is_life,assets\cards\the_blood_is_life.png
the_boon_of_adal,assets\cards\the_boon_of_adal.png
the_boon_of_alexstrasza,assets\cards\the_boon_of_alexstrasza.png
the_boon_of_remulos,assets\cards\the_boon_of_remulos.png
the_bringer_of_death,assets\cards\the_bringer_of_death.png
the_call_of_the_crusade,assets\cards\the_call_of_the_crusade.png
the_caverns_of_time,assets\cards\the_caverns_of_time.png
the_challenge,assets\cards\the_challenge.png
the_cipher_of_damnation,assets\cards\the_cipher_of_damnation.png
the_circle_of_blood,assets\cards\the_circle_of_blood.png
the_crash_of_tides,assets\cards\the_crash_of_tides.png
the_crucible_of_carnage_the_twilight_of_terror,assets\cards\the_crucible_of_carnage_the_twilight_of_terror.png
the_cruel_hand_of_timmy,assets\cards\the_cruel_hand_of_timmy.png
the_culmination_of_our_efforts,assets\cards\the_culmination_of_our_efforts.png
the_culmination_of_out_efforts,assets\cards\the_culmination_of_out_efforts.png
the_dark_side_of_the_light,assets\cards\the_dark_side_of_the_light.png
the_darkeater,assets\cards\the_darkeater.png
the_darkspeakers_footpads,assets\cards\the_darkspeakers_footpads.png
the_deadmines,assets\cards\the_deadmines.png
the_deathforge,assets\cards\the_deathforge.png
the_decapitator,assets\cards\the_decapitator.png
the_defense_of_nahom,assets\cards\the_defense_of_nahom.png
the_defias_brotherhood,assets\cards\the_defias_brotherhood.png
the_defias_kingpin,assets\cards\the_defias_kingpin.png
the_depth_of_shadows,assets\cards\the_depth_of_shadows.png
the_dragon_soul,assets\cards\the_dragon_soul.png
the_dying_balance,assets\cards\the_dying_balance.png
the_end_time,assets\cards\the_end_time.png
the_essence_focuser,assets\cards\the_essence_focuser.png
the_essence_of_enmity,assets\cards\the_essence_of_enmity.png
the_exodar,assets\cards\the_exodar.png
the_eye_of_command,assets\cards\the_eye_of_command.png
the_fall_of_lordaeron,assets\cards\the_fall_of_lordaeron.png
the_fall_of_neferset_city,assets\cards\the_fall_of_neferset_city.png
the_fall_of_the_betrayer,assets\cards\the_fall_of_the_betrayer.png
the_fare_of_larkorwi,assets\cards\the_fare_of_larkorwi.png
the_fel_and_the_furious,assets\cards\the_fel_and_the_furious.png
the_final_message_to_the_wildhammer,assets\cards\the_final_message_to_the_wildhammer.png
the_firelords_gift,assets\cards\the_firelords_gift.png
the_flawless_flame,assets\cards\the_flawless_flame.png
the_footsteps_of_illidan,assets\cards\the_footsteps_of_illidan.png
the_forgotten,assets\cards\the_forgotten.png
the_formation_of_felbane,assets\cards\the_formation_of_felbane.png
the_founding_of_durotar,assets\cards\the_founding_of_durotar.png
the_green_hills_of_stranglethorn,assets\cards\the_green_hills_of_stranglethorn.png
the_grimtotem_weapon,assets\cards\the_grimtotem_weapon.png
the_hammer_of_grace,assets\cards\the_hammer_of_grace.png
the_hammerhand_brothers,assets\cards\the_hammerhand_brothers.png
the_hands_of_fate,assets\cards\the_hands_of_fate.png
the_haunted_mills,assets\cards\the_haunted_mills.png
the_ichor_of_undeath,assets\cards\the_ichor_of_undeath.png
the_immovable_object,assets\cards\the_immovable_object.png
the_innkeepers_daughter,assets\cards\the_innkeepers_daughter.png
the_invasino_of_kalimdor,assets\cards\the_invasino_of_kalimdor.png
the_key_to_freedom,assets\cards\the_key_to_freedom.png
the_last_barov,assets\cards\the_last_barov.png
the_last_line_of_defense,assets\cards\the_last_line_of_defense.png
the_last_living_lorekeeper,assets\cards\the_last_living_lorekeeper.png
the_last_relic_of_argus,assets\cards\the_last_relic_of_argus.png
the_lexicon_demonica,assets\cards\the_lexicon_demonica.png
the_lich_king,assets\cards\the_lich_king.png
the_lights_gaze,assets\cards\the_lights_gaze.png
the_lights_largess,assets\cards\the_lights_largess.png
the_lobotomizer,assets\cards\the_lobotomizer.png
the_logeye,assets\cards\the_logeye.png
the_longeye,assets\cards\the_longeye.png
the_love_potion,assets\cards\the_love_potion.png
the_masters_touch,assets\cards\the_masters_touch.png
the_maw_of_isorath,assets\cards\the_maw_of_isorath.png
the_mighty_ucha,assets\cards\the_mighty_ucha.png
the_missing_diplomat,assets\cards\the_missing_diplomat.png
the_more_the_scarier,assets\cards\the_more_the_scarier.png
the_name_of_the_beast,assets\cards\the_name_of_the_beast.png
the_natural_order,assets\cards\the_natural_order.png
the_oathkeeper,assets\cards\the_oathkeeper.png
the_omens_of_terror,assets\cards\the_omens_of_terror.png
the_opening_of_the_dark_portal,assets\cards\the_opening_of_the_dark_portal.png
the_overseers_shadow,assets\cards\the_overseers_shadow.png
the_painsaw,assets\cards\the_painsaw.png
the_path_of_conquest,assets\cards\the_path_of_conquest.png
the_path_to_the_dragon_soul,assets\cards\the_path_to_the_dragon_soul.png
the_perfect_stout,assets\cards\the_perfect_stout.png
the_perforator,assets\cards\the_perforator.png
the_princess_trapped,assets\cards\the_princess_trapped.png
the_promises_of_darkness,assets\cards\the_promises_of_darkness.png
the_red_bearon,assets\cards\the_red_bearon.png
the_relics_of_wakening,assets\cards\the_relics_of_wakening.png
the_restless_dead,assets\cards\the_restless_dead.png
the_rewards_of_faith,assets\cards\the_rewards_of_faith.png
the_rider_of_frost,assets\cards\the_rider_of_frost.png
the_ring_of_blood,assets\cards\the_ring_of_blood.png
the_ring_of_blood_brokentoe,assets\cards\the_ring_of_blood_brokentoe.png
the_ring_of_blood_rokdar_the_sundered_lord,assets\cards\the_ring_of_blood_rokdar_the_sundered_lord.png
the_ring_of_blood_skragath,assets\cards\the_ring_of_blood_skragath.png
the_ring_of_blood_the_blue_brothers,assets\cards\the_ring_of_blood_the_blue_brothers.png
the_ring_of_blood_the_final_challenge,assets\cards\the_ring_of_blood_the_final_challenge.png
the_ring_of_blood_the_warmaul_champion,assets\cards\the_ring_of_blood_the_warmaul_champion.png
the_root_of_all_evil,assets\cards\the_root_of_all_evil.png
the_ruins_of_lordaeron,assets\cards\the_ruins_of_lordaeron.png
the_scourge_cauldrons,assets\cards\the_scourge_cauldrons.png
the_scourge_of_lordaeron,assets\cards\the_scourge_of_lordaeron.png
the_seal_of_danzalar,assets\cards\the_seal_of_danzalar.png
the_secret_compromised,assets\cards\the_secret_compromised.png
the_shatterer,assets\cards\the_shatterer.png
the_sigil_of_krasus,assets\cards\the_sigil_of_krasus.png
the_skull_of_guldan,assets\cards\the_skull_of_guldan.png
the_skybreaker,assets\cards\the_skybreaker.png
the_soul_conductor,assets\cards\the_soul_conductor.png
the_sowing_of_seeds,assets\cards\the_sowing_of_seeds.png
the_spirit_polluted,assets\cards\the_spirit_polluted.png
the_staff_of_twin_worlds,assets\cards\the_staff_of_twin_worlds.png
the_stonemothers_gift,assets\cards\the_stonemothers_gift.png
the_storm_kings_vengance,assets\cards\the_storm_kings_vengance.png
the_summoning_chamber,assets\cards\the_summoning_chamber.png
the_taste_of_arcana,assets\cards\the_taste_of_arcana.png
the_tidehunters_gift,assets\cards\the_tidehunters_gift.png
the_torch_of_retribution,assets\cards\the_torch_of_retribution.png
the_turning_tide,assets\cards\the_turning_tide.png
the_ultimate_bloodsport,assets\cards\the_ultimate_bloodsport.png
the_unbreakable_will,assets\cards\the_unbreakable_will.png
the_undeath_carrier,assets\cards\the_undeath_carrier.png
the_unending_invasion,assets\cards\the_unending_invasion.png
the_unstoppable_force,assets\cards\the_unstoppable_force.png
the_vainglorious,assets\cards\the_vainglorious.png
the_well_of_eternity,assets\cards\the_well_of_eternity.png
the_widow_deadsie,assets\cards\the_widow_deadsie.png
the_windlords_gift,assets\cards\the_windlords_gift.png
the_witchs_bane,assets\cards\the_witchs_bane.png
the_worldbreaker,assets\cards\the_worldbreaker.png
theif_catcher_norun,assets\cards\theif_catcher_norun.png
therazane_the_stonemother,assets\cards\therazane_the_stonemother.png
thespius_bloodblaze,assets\cards\thespius_bloodblaze.png
thick_as_thieves,assets\cards\thick_as_thieves.png
thieving_little_pluckers,assets\cards\thieving_little_pluckers.png
thira_anvilash,assets\cards\thira_anvilash.png
thoglos,assets\cards\thoglos.png
thomas_slash_robinson,assets\cards\thomas_slash_robinson.png
thorn_in_the_side,assets\cards\thorn_in_the_side.png
thorns,assets\cards\thorns.png
thorns_of_nordrassil,assets\cards\thorns_of_nordrassil.png
thornwood_staff,assets\cards\thornwood_staff.png
thoros_the_savior,assets\cards\thoros_the_savior.png
thrall,assets\cards\thrall.png
thrall_guardian_of_the_elements,assets\cards\thrall_guardian_of_the_elements.png
thrall_the_earth_warder,assets\cards\thrall_the_earth_warder.png
thrall_the_world_shaman,assets\cards\thrall_the_world_shaman.png
thrall_warchief_of_the_horde,assets\cards\thrall_warchief_of_the_horde.png
thralls_desire,assets\cards\thralls_desire.png
thralls_doubt,assets\cards\thralls_doubt.png
thralls_fury,assets\cards\thralls_fury.png
thralls_patience,assets\cards\thralls_patience.png
thrandis_the_venomous,assets\cards\thrandis_the_venomous.png
thrash_blade,assets\cards\thrash_blade.png
threadlinked_chain,assets\cards\threadlinked_chain.png
thrill_of_the_hunt,assets\cards\thrill_of_the_hunt.png
throat_slasher,assets\cards\throat_slasher.png
throk_the_conqueror,assets\cards\throk_the_conqueror.png
throne_of_the_tides,assets\cards\throne_of_the_tides.png
throwing_starfish,assets\cards\throwing_starfish.png
thrug_the_hurler,assets\cards\thrug_the_hurler.png
thud,assets\cards\thud.png
thulthun,assets\cards\thulthun.png
thunder_bluff,assets\cards\thunder_bluff.png
thunder_bluff_spiritwalker,assets\cards\thunder_bluff_spiritwalker.png
thunder_bluff_steelsnout,assets\cards\thunder_bluff_steelsnout.png
thunder_bluff_sunwalker,assets\cards\thunder_bluff_sunwalker.png
thunder_bluff_tabard,assets\cards\thunder_bluff_tabard.png
thunder_bluff_wildheart,assets\cards\thunder_bluff_wildheart.png
thunder_clap,assets\cards\thunder_clap.png
thunder_hawk,assets\cards\thunder_hawk.png
thundercrash,assets\cards\thundercrash.png
thunderfury_blessed_blade_of_the_windseeker,assets\cards\thunderfury_blessed_blade_of_the_windseeker.png
thunderhead_hippogryph,assets\cards\thunderhead_hippogryph.png
thunderhorn_wildwalker,assets\cards\thunderhorn_wildwalker.png
thundering_footsteps,assets\cards\thundering_footsteps.png
thundering_greathelm,assets\cards\thundering_greathelm.png
thunderous_challenge,assets\cards\thunderous_challenge.png
thunderpetal,assets\cards\thunderpetal.png
thunderstorm,assets\cards\thunderstorm.png
thunderstrike_weapon,assets\cards\thunderstrike_weapon.png
thurgood_steelwall,assets\cards\thurgood_steelwall.png
thwarting_kolkar_aggression,assets\cards\thwarting_kolkar_aggression.png
thysta_spiritlasher,assets\cards\thysta_spiritlasher.png
tidal_elemental,assets\cards\tidal_elemental.png
tidal_infusion,assets\cards\tidal_infusion.png
tidal_mastery,assets\cards\tidal_mastery.png
tidal_totem,assets\cards\tidal_totem.png
tidus_the_relentless,assets\cards\tidus_the_relentless.png
tigers_fury,assets\cards\tigers_fury.png
tilly_fiddlelight,assets\cards\tilly_fiddlelight.png
tilu_plainstalker,assets\cards\tilu_plainstalker.png
tim,assets\cards\tim.png
timbermaw_ally,assets\cards\timbermaw_ally.png
time_bending_gem,assets\cards\time_bending_gem.png
time_shifted_dagger,assets\cards\time_shifted_dagger.png
timeless_agony,assets\cards\timeless_agony.png
timeless_aim,assets\cards\timeless_aim.png
timeless_arcana,assets\cards\timeless_arcana.png
timeless_bounty,assets\cards\timeless_bounty.png
timeless_deception,assets\cards\timeless_deception.png
timeless_light,assets\cards\timeless_light.png
timeless_resilience,assets\cards\timeless_resilience.png
timeless_shadow,assets\cards\timeless_shadow.png
timeless_undeath,assets\cards\timeless_undeath.png
timeless_winds,assets\cards\timeless_winds.png
timepiece_of_the_bronze_flight,assets\cards\timepiece_of_the_bronze_flight.png
timeslicer,assets\cards\timeslicer.png
timewalker_grunt,assets\cards\timewalker_grunt.png
timewalker_guard,assets\cards\timewalker_guard.png
timewalker_juggernaut,assets\cards\timewalker_juggernaut.png
timewalker_lightsworn,assets\cards\timewalker_lightsworn.png
timewalker_sentinel,assets\cards\timewalker_sentinel.png
timewalker_shadowseer,assets\cards\timewalker_shadowseer.png
timewalker_smasher,assets\cards\timewalker_smasher.png
timewalker_sunguard,assets\cards\timewalker_sunguard.png
timewalker_vanguard,assets\cards\timewalker_vanguard.png
timmo_shadestep,assets\cards\timmo_shadestep.png
timriv_the_enforcer,assets\cards\timriv_the_enforcer.png
tinker_art_seaclock,assets\cards\tinker_art_seaclock.png
tinker_bixy_blue,assets\cards\tinker_bixy_blue.png
tinker_brunfizzle,assets\cards\tinker_brunfizzle.png
tinker_casey_springlock,assets\cards\tinker_casey_springlock.png
tinker_priest_cassie,assets\cards\tinker_priest_cassie.png
tinkmaster_overspark,assets\cards\tinkmaster_overspark.png
tiny,assets\cards\tiny.png
tiril_dawnrider,assets\cards\tiril_dawnrider.png
tirion_the_ashbringer,assets\cards\tirion_the_ashbringer.png
tirions_gambit,assets\cards\tirions_gambit.png
tirisfal_wand_of_ascendancy,assets\cards\tirisfal_wand_of_ascendancy.png
titahk_the_steps_of_time,assets\cards\titahk_the_steps_of_time.png
titan_forged_rune_of_cruelty,assets\cards\titan_forged_rune_of_cruelty.png
titanium_frostguard_ring,assets\cards\titanium_frostguard_ring.png
titans_grip,assets\cards\titans_grip.png
tithe,assets\cards\tithe.png
to_arms,assets\cards\to_arms.png
to_serve_kumisha,assets\cards\to_serve_kumisha.png
toho_bloomhorn,assets\cards\toho_bloomhorn.png
tolzin,assets\cards\tolzin.png
tomadae_the_magnificent,assets\cards\tomadae_the_magnificent.png
tomb_of_ice,assets\cards\tomb_of_ice.png
tommi_spazzratchet,assets\cards\tommi_spazzratchet.png
tonks_the_tenacious,assets\cards\tonks_the_tenacious.png
toogas_quest,assets\cards\toogas_quest.png
topple,assets\cards\topple.png
tor_earthwalker,assets\cards\tor_earthwalker.png
toraan_eye_of_oros,assets\cards\toraan_eye_of_oros.png
torashu_stronghoof,assets\cards\torashu_stronghoof.png
torch_of_holy_fire,assets\cards\torch_of_holy_fire.png
toreks_assault,assets\cards\toreks_assault.png
torgor_darkfire,assets\cards\torgor_darkfire.png
torkar_the_bloodsworn,assets\cards\torkar_the_bloodsworn.png
torment_of_shadows,assets\cards\torment_of_shadows.png
tormenting_gouge,assets\cards\tormenting_gouge.png
tormentor_emek,assets\cards\tormentor_emek.png
torn_web_wrapping,assets\cards\torn_web_wrapping.png
torrid_abyssal,assets\cards\torrid_abyssal.png
torrnag,assets\cards\torrnag.png
tortolla,assets\cards\tortolla.png
torturous_poison,assets\cards\torturous_poison.png
torzuk_soulfang,assets\cards\torzuk_soulfang.png
toshe_chaosrender,assets\cards\toshe_chaosrender.png
totem_from_beyond,assets\cards\totem_from_beyond.png
totem_of_coo,assets\cards\totem_of_coo.png
totem_of_decay,assets\cards\totem_of_decay.png
totem_of_splintering,assets\cards\totem_of_splintering.png
totem_of_wrath,assets\cards\totem_of_wrath.png
totemic_call,assets\cards\totemic_call.png
totemic_cleanse,assets\cards\totemic_cleanse.png
totemic_focus,assets\cards\totemic_focus.png
totemic_infusion,assets\cards\totemic_infusion.png
totemic_mastery,assets\cards\totemic_mastery.png
totemic_recovery,assets\cards\totemic_recovery.png
totemic_vigor,assets\cards\totemic_vigor.png
touch_of_brilliance,assets\cards\touch_of_brilliance.png
touch_of_chaos,assets\cards\touch_of_chaos.png
touch_of_darkness,assets\cards\touch_of_darkness.png
touch_of_ice,assets\cards\touch_of_ice.png
touch_of_the_arcane,assets\cards\touch_of_the_arcane.png
touch_of_unlife,assets\cards\touch_of_unlife.png
touched_by_light,assets\cards\touched_by_light.png
tower_of_radiance,assets\cards\tower_of_radiance.png
towers_and_bunkers,assets\cards\towers_and_bunkers.png
towers_of_eastern_plaguelands,assets\cards\towers_of_eastern_plaguelands.png
toxic_horrors,assets\cards\toxic_horrors.png
tozjun,assets\cards\tozjun.png
track_demons,assets\cards\track_demons.png
track_dragonkin,assets\cards\track_dragonkin.png
track_enemy,assets\cards\track_enemy.png
track_from_beyond,assets\cards\track_from_beyond.png
track_hidden,assets\cards\track_hidden.png
track_humanoids,assets\cards\track_humanoids.png
tracker_gallen,assets\cards\tracker_gallen.png
tracker_pardo,assets\cards\tracker_pardo.png
trackers_blade,assets\cards\trackers_blade.png
trackers_mark,assets\cards\trackers_mark.png
trade_prince_gallywix,assets\cards\trade_prince_gallywix.png
tragush,assets\cards\tragush.png
traitors,assets\cards\traitors.png
trakas,assets\cards\trakas.png
trance_stone,assets\cards\trance_stone.png
tranquility,assets\cards\tranquility.png
transfigure,assets\cards\transfigure.png
trappers_rifle,assets\cards\trappers_rifle.png
travel_form,assets\cards\travel_form.png
traxel_emberklik,assets\cards\traxel_emberklik.png
treads_of_fleeting_joy,assets\cards\treads_of_fleeting_joy.png
treasure_chest,assets\cards\treasure_chest.png
tree_of_life,assets\cards\tree_of_life.png
treebole,assets\cards\treebole.png
treesong,assets\cards\treesong.png
treespeaker_onaha,assets\cards\treespeaker_onaha.png
treewarden_tolven,assets\cards\treewarden_tolven.png
treewatcher_kursha,assets\cards\treewatcher_kursha.png
tremor_shock,assets\cards\tremor_shock.png
tremor_totem,assets\cards\tremor_totem.png
treokks_shadowstaff,assets\cards\treokks_shadowstaff.png
tribemother_torra,assets\cards\tribemother_torra.png
tribulation,assets\cards\tribulation.png
trickesters_gambit,assets\cards\trickesters_gambit.png
tricks_of_the_trade,assets\cards\tricks_of_the_trade.png
trickster_tesslah,assets\cards\trickster_tesslah.png
tricksters_edge,assets\cards\tricksters_edge.png
tricksters_reflex,assets\cards\tricksters_reflex.png
trilik_the_lights_spark,assets\cards\trilik_the_lights_spark.png
trista_herald_of_the_fel,assets\cards\trista_herald_of_the_fel.png
tristan_rapidstrike,assets\cards\tristan_rapidstrike.png
tristani_the_sunblade,assets\cards\tristani_the_sunblade.png
triton_legplates,assets\cards\triton_legplates.png
triton_the_sacrilegious,assets\cards\triton_the_sacrilegious.png
trixie_boltclunker,assets\cards\trixie_boltclunker.png
trogg_earthrager,assets\cards\trogg_earthrager.png
troggbane_axe_of_the_frostborne_king,assets\cards\troggbane_axe_of_the_frostborne_king.png
trogun_smith,assets\cards\trogun_smith.png
troll_axethrower,assets\cards\troll_axethrower.png
trollwoven_spaulders,assets\cards\trollwoven_spaulders.png
trophy_gatherer,assets\cards\trophy_gatherer.png
trophy_kill,assets\cards\trophy_kill.png
trueshot_aura,assets\cards\trueshot_aura.png
truesilver_breastplate,assets\cards\truesilver_breastplate.png
truesilver_champion,assets\cards\truesilver_champion.png
trytha_darksun,assets\cards\trytha_darksun.png
tubs_klankbopple,assets\cards\tubs_klankbopple.png
tully_fiddlewit,assets\cards\tully_fiddlewit.png
tundra_macgranns_stolen_stash,assets\cards\tundra_macgranns_stolen_stash.png
turane_soulpact,assets\cards\turane_soulpact.png
turn_aside,assets\cards\turn_aside.png
turn_the_blade,assets\cards\turn_the_blade.png
turov_the_risen,assets\cards\turov_the_risen.png
tusk,assets\cards\tusk.png
tuskarr_kite,assets\cards\tuskarr_kite.png
tuskmender_janzu,assets\cards\tuskmender_janzu.png
twig_of_the_world_tree,assets\cards\twig_of_the_world_tree.png
twilight_assassin,assets\cards\twilight_assassin.png
twilight_citadel,assets\cards\twilight_citadel.png
twilight_drake,assets\cards\twilight_drake.png
twilight_emissary,assets\cards\twilight_emissary.png
twilight_extermination,assets\cards\twilight_extermination.png
twilight_frost_evoker,assets\cards\twilight_frost_evoker.png
twilight_shadowdrake,assets\cards\twilight_shadowdrake.png
twilight_vanquisher_knolan,assets\cards\twilight_vanquisher_knolan.png
twilight_wyrmkiller,assets\cards\twilight_wyrmkiller.png
twilights_hammer,assets\cards\twilights_hammer.png
twin_spire_ruins,assets\cards\twin_spire_ruins.png
twinblade_of_the_phoenix,assets\cards\twinblade_of_the_phoenix.png
twined_band_of_flowers,assets\cards\twined_band_of_flowers.png
twist_of_faith,assets\cards\twist_of_faith.png
twisted_arcana,assets\cards\twisted_arcana.png
twisted_death_pact,assets\cards\twisted_death_pact.png
twisted_fire_nova,assets\cards\twisted_fire_nova.png
twisted_infernal,assets\cards\twisted_infernal.png
twisted_light,assets\cards\twisted_light.png
twisted_massacre,assets\cards\twisted_massacre.png
twisted_mind_spike,assets\cards\twisted_mind_spike.png
twisted_rampage,assets\cards\twisted_rampage.png
twisted_wrath,assets\cards\twisted_wrath.png
twlight_corruptor,assets\cards\twlight_corruptor.png
two_handed_weapon_specialization,assets\cards\two_handed_weapon_specialization.png
tyler_falconbridge,assets\cards\tyler_falconbridge.png
typhoon,assets\cards\typhoon.png
tyrande_high_priestess_of_elune,assets\cards\tyrande_high_priestess_of_elune.png
tyrande_whisperwind,assets\cards\tyrande_whisperwind.png
tyrandes_favorite_doll,assets\cards\tyrandes_favorite_doll.png
tyrennius_scatheblade,assets\cards\tyrennius_scatheblade.png
tyrus_blackhorn,assets\cards\tyrus_blackhorn.png
tyrus_lionheart,assets\cards\tyrus_lionheart.png
tyrus_sheynathren,assets\cards\tyrus_sheynathren.png
tyrygosa,assets\cards\tyrygosa.png
tyrygosa_the_blue,assets\cards\tyrygosa_the_blue.png
tysandri_duskstrike,assets\cards\tysandri_duskstrike.png
ubel_sternbrow,assets\cards\ubel_sternbrow.png
uberserc,assets\cards\uberserc.png
uglund_duskrider,assets\cards\uglund_duskrider.png
uhgali_the_elementalist,assets\cards\uhgali_the_elementalist.png
uldum,assets\cards\uldum.png
ulrac_bloodshadow,assets\cards\ulrac_bloodshadow.png
ultimate_triumph,assets\cards\ultimate_triumph.png
ultramarine_quiraji_battle_tank,assets\cards\ultramarine_quiraji_battle_tank.png
umbrage,assets\cards\umbrage.png
umbral_assault,assets\cards\umbral_assault.png
unbalance,assets\cards\unbalance.png
unbinding,assets\cards\unbinding.png
unbridled_wrath,assets\cards\unbridled_wrath.png
uncatalogued_species,assets\cards\uncatalogued_species.png
undaunted_defense,assets\cards\undaunted_defense.png
under_the_shadow,assets\cards\under_the_shadow.png
undercity,assets\cards\undercity.png
underking_talonox,assets\cards\underking_talonox.png
unearthed_broadsword,assets\cards\unearthed_broadsword.png
unen_rataan,assets\cards\unen_rataan.png
unending_breath,assets\cards\unending_breath.png
unfair_advantage,assets\cards\unfair_advantage.png
unfit_for_death,assets\cards\unfit_for_death.png
unholy_ground,assets\cards\unholy_ground.png
unholy_power,assets\cards\unholy_power.png
unholy_presence,assets\cards\unholy_presence.png
unholy_rune,assets\cards\unholy_rune.png
united_front,assets\cards\united_front.png
unleash_elements,assets\cards\unleash_elements.png
unleash_inferno,assets\cards\unleash_inferno.png
unleash_the_beasts,assets\cards\unleash_the_beasts.png
unleash_the_swarm,assets\cards\unleash_the_swarm.png
unleashed_rage,assets\cards\unleashed_rage.png
unraveled_plans,assets\cards\unraveled_plans.png
unrelenting_assault,assets\cards\unrelenting_assault.png
unstable_affliction,assets\cards\unstable_affliction.png
unstable_corruption,assets\cards\unstable_corruption.png
unstable_infusion,assets\cards\unstable_infusion.png
unstoppable_abyssal,assets\cards\unstoppable_abyssal.png
unwelcome_visitor,assets\cards\unwelcome_visitor.png
unyielding_faith,assets\cards\unyielding_faith.png
uplifting_prayer,assets\cards\uplifting_prayer.png
upstanding_spaulders,assets\cards\upstanding_spaulders.png
urn_of_lost_memories,assets\cards\urn_of_lost_memories.png
urrth,assets\cards\urrth.png
ursoc_the_mighty,assets\cards\ursoc_the_mighty.png
ursocs_fury,assets\cards\ursocs_fury.png
ursol_the_wise,assets\cards\ursol_the_wise.png
uruka_the_cutthroat,assets\cards\uruka_the_cutthroat.png
uther_the_lightbringer,assets\cards\uther_the_lightbringer.png
utopia,assets\cards\utopia.png
uzakzim,assets\cards\uzakzim.png
vaakia,assets\cards\vaakia.png
vad_of_the_four_winds,assets\cards\vad_of_the_four_winds.png
vaerik_proudhoof,assets\cards\vaerik_proudhoof.png
vagaries_of_time,assets\cards\vagaries_of_time.png
vakeron,assets\cards\vakeron.png
vakus_the_inferno,assets\cards\vakus_the_inferno.png
vala_carville,assets\cards\vala_carville.png
valak_the_vortex,assets\cards\valak_the_vortex.png
valanos,assets\cards\valanos.png
valanyr_hammer_of_ancient_kings,assets\cards\valanyr_hammer_of_ancient_kings.png
valathar_blackstorm,assets\cards\valathar_blackstorm.png
valeera,assets\cards\valeera.png
valeera_sanguinar,assets\cards\valeera_sanguinar.png
valerie_worfield,assets\cards\valerie_worfield.png
valik_timewalker_sharpshooter,assets\cards\valik_timewalker_sharpshooter.png
valterus,assets\cards\valterus.png
valthak_spiritdinker,assets\cards\valthak_spiritdinker.png
valytha_colton,assets\cards\valytha_colton.png
vambraces_of_the_sadist,assets\cards\vambraces_of_the_sadist.png
vampiric_dominance,assets\cards\vampiric_dominance.png
vampiric_siphon,assets\cards\vampiric_siphon.png
vampiric_tendrils,assets\cards\vampiric_tendrils.png
vampiric_touch,assets\cards\vampiric_touch.png
vancleefs_boots,assets\cards\vancleefs_boots.png
vanda_skydaughter,assets\cards\vanda_skydaughter.png
vandos_herald_of_war,assets\cards\vandos_herald_of_war.png
vanessa_vancleef,assets\cards\vanessa_vancleef.png
vanira_raventhorne,assets\cards\vanira_raventhorne.png
vanish,assets\cards\vanish.png
vanndar_stormpike,assets\cards\vanndar_stormpike.png
vanora_moonshot,assets\cards\vanora_moonshot.png
vanquish,assets\cards\vanquish.png
varah_fury_of_the_stars,assets\cards\varah_fury_of_the_stars.png
varandas_silverleaf,assets\cards\varandas_silverleaf.png
varen_the_reclaimer,assets\cards\varen_the_reclaimer.png
variable_pulse_lightning_capacitor,assets\cards\variable_pulse_lightning_capacitor.png
varimathras,assets\cards\varimathras.png
varimathras_dreadlord_insurgent,assets\cards\varimathras_dreadlord_insurgent.png
varok_saurfang_high_overlord,assets\cards\varok_saurfang_high_overlord.png
vazujin,assets\cards\vazujin.png
veil_of_night,assets\cards\veil_of_night.png
velen_prophet_of_the_naaru,assets\cards\velen_prophet_of_the_naaru.png
veliana_felblood,assets\cards\veliana_felblood.png
velindra_sepulchre,assets\cards\velindra_sepulchre.png
veline_bladestar,assets\cards\veline_bladestar.png
velkin_gray,assets\cards\velkin_gray.png
velnoth,assets\cards\velnoth.png
vendetta,assets\cards\vendetta.png
venerable_mass_of_mcgowan,assets\cards\venerable_mass_of_mcgowan.png
vengeance_of_the_illidari,assets\cards\vengeance_of_the_illidari.png
vengeance_of_the_light,assets\cards\vengeance_of_the_light.png
vengeance_wrap,assets\cards\vengeance_wrap.png
vengeful_crusader_strike,assets\cards\vengeful_crusader_strike.png
vengeful_gladiators_bonecracker,assets\cards\vengeful_gladiators_bonecracker.png
vengeful_gladiators_cleaver,assets\cards\vengeful_gladiators_cleaver.png
vengeful_gladiators_earthshaker,assets\cards\vengeful_gladiators_earthshaker.png
vengeful_gladiators_felshroud,assets\cards\vengeful_gladiators_felshroud.png
vengeful_gladiators_piercing_touch,assets\cards\vengeful_gladiators_piercing_touch.png
vengeful_gladiators_vestments,assets\cards\vengeful_gladiators_vestments.png
venomous_wounds,assets\cards\venomous_wounds.png
venomstrike,assets\cards\venomstrike.png
verdant_boon,assets\cards\verdant_boon.png
verdant_vengeance,assets\cards\verdant_vengeance.png
verzuk_bloodfist,assets\cards\verzuk_bloodfist.png
veshral,assets\cards\veshral.png
vesperia_silversong,assets\cards\vesperia_silversong.png
vestia_abiectus,assets\cards\vestia_abiectus.png
veteran_crusader_aliocha_segard,assets\cards\veteran_crusader_aliocha_segard.png
veterans_dreadweave_belt,assets\cards\veterans_dreadweave_belt.png
veterans_pendant,assets\cards\veterans_pendant.png
veterans_tactics,assets\cards\veterans_tactics.png
vexmaster_narjo,assets\cards\vexmaster_narjo.png
vexra_darkfall,assets\cards\vexra_darkfall.png
vial_of_stolen_memories,assets\cards\vial_of_stolen_memories.png
vicious_circle,assets\cards\vicious_circle.png
vicious_grell,assets\cards\vicious_grell.png
vicious_strike,assets\cards\vicious_strike.png
viciousness,assets\cards\viciousness.png
victimize,assets\cards\victimize.png
victor_baltus,assets\cards\victor_baltus.png
victoria_jaton,assets\cards\victoria_jaton.png
victory_rush,assets\cards\victory_rush.png
viewless_wings,assets\cards\viewless_wings.png
vigil_of_the_light,assets\cards\vigil_of_the_light.png
vigilance,assets\cards\vigilance.png
vigilant_guard,assets\cards\vigilant_guard.png
vigor,assets\cards\vigor.png
viking_warhammer,assets\cards\viking_warhammer.png
vile_strike,assets\cards\vile_strike.png
vile_watcher,assets\cards\vile_watcher.png
vileblade_of_the_betrayer,assets\cards\vileblade_of_the_betrayer.png
vilegut,assets\cards\vilegut.png
vincent_brayden,assets\cards\vincent_brayden.png
vindicator_agran,assets\cards\vindicator_agran.png
vindicator_aluumen,assets\cards\vindicator_aluumen.png
vindicator_belian,assets\cards\vindicator_belian.png
vindicator_borovon,assets\cards\vindicator_borovon.png
vindicator_dindro,assets\cards\vindicator_dindro.png
vindicator_enkallus,assets\cards\vindicator_enkallus.png
vindicator_falaan,assets\cards\vindicator_falaan.png
vindicator_javlo,assets\cards\vindicator_javlo.png
vindicator_kaldel,assets\cards\vindicator_kaldel.png
vindicator_kentho,assets\cards\vindicator_kentho.png
vindicator_khorin,assets\cards\vindicator_khorin.png
vindicator_lorin,assets\cards\vindicator_lorin.png
vindicator_melina,assets\cards\vindicator_melina.png
vindicator_ostakron,assets\cards\vindicator_ostakron.png
vindicator_saaris,assets\cards\vindicator_saaris.png
vindicator_trytan,assets\cards\vindicator_trytan.png
vindicator_vasha,assets\cards\vindicator_vasha.png
vindicator_zalreth,assets\cards\vindicator_zalreth.png
vindicators_brand,assets\cards\vindicators_brand.png
vindicators_shock,assets\cards\vindicators_shock.png
vindictive_strike,assets\cards\vindictive_strike.png
vindron_the_impure,assets\cards\vindron_the_impure.png
violet_proto_drake,assets\cards\violet_proto_drake.png
violet_signet_of_the_archmage,assets\cards\violet_signet_of_the_archmage.png
violet_signet_of_the_grand_restorer,assets\cards\violet_signet_of_the_grand_restorer.png
violet_signet_of_the_great_protector,assets\cards\violet_signet_of_the_great_protector.png
violet_signet_of_the_master_assassin,assets\cards\violet_signet_of_the_master_assassin.png
viper_sting,assets\cards\viper_sting.png
virendra_moonglow,assets\cards\virendra_moonglow.png
virgil_timewalker_marshal,assets\cards\virgil_timewalker_marshal.png
virkaltor,assets\cards\virkaltor.png
visage_of_the_destroyer,assets\cards\visage_of_the_destroyer.png
vishala,assets\cards\vishala.png
vishanka_jaws_of_the_earth,assets\cards\vishanka_jaws_of_the_earth.png
viskag_the_bloodletter,assets\cards\viskag_the_bloodletter.png
vitality,assets\cards\vitality.png
vixton_pinchwhistle,assets\cards\vixton_pinchwhistle.png
vizo_arctwister,assets\cards\vizo_arctwister.png
voice_of_reason,assets\cards\voice_of_reason.png
void_brute,assets\cards\void_brute.png
void_pact,assets\cards\void_pact.png
void_rip,assets\cards\void_rip.png
void_terror,assets\cards\void_terror.png
voidbringer_jindalan,assets\cards\voidbringer_jindalan.png
voidfire_wand,assets\cards\voidfire_wand.png
voidmaven_christie_noone,assets\cards\voidmaven_christie_noone.png
voidshrieker,assets\cards\voidshrieker.png
voidwalkers_gone_wild,assets\cards\voidwalkers_gone_wild.png
volatile_poison,assets\cards\volatile_poison.png
volatile_terrorfiend,assets\cards\volatile_terrorfiend.png
volatile_thunderstick,assets\cards\volatile_thunderstick.png
voldrethar_dark_blade_of_oblivion,assets\cards\voldrethar_dark_blade_of_oblivion.png
volin_netherburn,assets\cards\volin_netherburn.png
voljin,assets\cards\voljin.png
voljin_darkspear_chieftain,assets\cards\voljin_darkspear_chieftain.png
volley,assets\cards\volley.png
voltrinnia,assets\cards\voltrinnia.png
voodoo_figurine,assets\cards\voodoo_figurine.png
vorden_the_shadowbringer,assets\cards\vorden_the_shadowbringer.png
vorenthal_the_seer,assets\cards\vorenthal_the_seer.png
vorgo_timewalker_stormlord,assets\cards\vorgo_timewalker_stormlord.png
vorix_zorbuzz,assets\cards\vorix_zorbuzz.png
vorn_hand_of_baine,assets\cards\vorn_hand_of_baine.png
vorna_the_disciplined,assets\cards\vorna_the_disciplined.png
vorna_the_wretched,assets\cards\vorna_the_wretched.png
vortex,assets\cards\vortex.png
vorzun,assets\cards\vorzun.png
voss_treebender,assets\cards\voss_treebender.png
vukora_netherflame,assets\cards\vukora_netherflame.png
vurkeran,assets\cards\vurkeran.png
vuzajin,assets\cards\vuzajin.png
vuzdin,assets\cards\vuzdin.png
vylar_whitepaw,assets\cards\vylar_whitepaw.png
vylokx,assets\cards\vylokx.png
wake_of_destruction,assets\cards\wake_of_destruction.png
waking_the_beast,assets\cards\waking_the_beast.png
waldo_the_decoy,assets\cards\waldo_the_decoy.png
wall_of_terror,assets\cards\wall_of_terror.png
wall_of_the_dead,assets\cards\wall_of_the_dead.png
wand_of_biting_cold,assets\cards\wand_of_biting_cold.png
wand_of_eternal_light,assets\cards\wand_of_eternal_light.png
wand_of_forgotten_star,assets\cards\wand_of_forgotten_star.png
wand_of_mana_stealing,assets\cards\wand_of_mana_stealing.png
wand_of_prismatic_focus,assets\cards\wand_of_prismatic_focus.png
wand_of_ruby_claret,assets\cards\wand_of_ruby_claret.png
wand_of_the_demonsoul,assets\cards\wand_of_the_demonsoul.png
wand_of_the_ruby_claret,assets\cards\wand_of_the_ruby_claret.png
wand_of_the_seer,assets\cards\wand_of_the_seer.png
wand_specialization,assets\cards\wand_specialization.png
wanted_durn_the_hungerer,assets\cards\wanted_durn_the_hungerer.png
wanted_hogger,assets\cards\wanted_hogger.png
wanton_warlord,assets\cards\wanton_warlord.png
war_of_attrition,assets\cards\war_of_attrition.png
war_stomp,assets\cards\war_stomp.png
warbringer,assets\cards\warbringer.png
warbringer_arixamal,assets\cards\warbringer_arixamal.png
warcaller_zinbawa,assets\cards\warcaller_zinbawa.png
warchief_garrosh_hellscream,assets\cards\warchief_garrosh_hellscream.png
warchief_thrall,assets\cards\warchief_thrall.png
warchiefs_revenge,assets\cards\warchiefs_revenge.png
warden_maiev,assets\cards\warden_maiev.png
warden_ravella,assets\cards\warden_ravella.png
warden_stormclaw,assets\cards\warden_stormclaw.png
warden_tonarin,assets\cards\warden_tonarin.png
warglaive_of_azzinoth,assets\cards\warglaive_of_azzinoth.png
warglaive_of_azzinoth_left_hand_of_the_betrayer,assets\cards\warglaive_of_azzinoth_left_hand_of_the_betrayer.png
warglaive_of_azzinoth_right_hand_of_the_betrayer,assets\cards\warglaive_of_azzinoth_right_hand_of_the_betrayer.png
warlock_training,assets\cards\warlock_training.png
warlord_goretooth,assets\cards\warlord_goretooth.png
warlord_grokthol,assets\cards\warlord_grokthol.png
warlord_kalithresh,assets\cards\warlord_kalithresh.png
warmace_of_menethil,assets\cards\warmace_of_menethil.png
warmaster_bojo,assets\cards\warmaster_bojo.png
warmaster_hork,assets\cards\warmaster_hork.png
warmaul_ogre,assets\cards\warmaul_ogre.png
warning_shot,assets\cards\warning_shot.png
warp_splinters_thorn,assets\cards\warp_splinters_thorn.png
warpwood_binding,assets\cards\warpwood_binding.png
warrax,assets\cards\warrax.png
warrior_training,assets\cards\warrior_training.png
warsong_deadblade,assets\cards\warsong_deadblade.png
warsong_gulch,assets\cards\warsong_gulch.png
wasteland_tallstrider,assets\cards\wasteland_tallstrider.png
wastewalker_helm,assets\cards\wastewalker_helm.png
wastewalker_leggings,assets\cards\wastewalker_leggings.png
wastewalker_shoulderpads,assets\cards\wastewalker_shoulderpads.png
wastewalker_tunic,assets\cards\wastewalker_tunic.png
watcher_malwi,assets\cards\watcher_malwi.png
watchman_visi,assets\cards\watchman_visi.png
water_breathing,assets\cards\water_breathing.png
water_elemental,assets\cards\water_elemental.png
water_shield,assets\cards\water_shield.png
water_walking,assets\cards\water_walking.png
waters_of_elune,assets\cards\waters_of_elune.png
watsun_timewalker_lightshield,assets\cards\watsun_timewalker_lightshield.png
wavestorm_totem,assets\cards\wavestorm_totem.png
waylay,assets\cards\waylay.png
wazix_blonktop,assets\cards\wazix_blonktop.png
wazluk,assets\cards\wazluk.png
wazzuli_wildmender,assets\cards\wazzuli_wildmender.png
weakening_poison,assets\cards\weakening_poison.png
weapon_mastery,assets\cards\weapon_mastery.png
webster,assets\cards\webster.png
weeble,assets\cards\weeble.png
weldon_barov,assets\cards\weldon_barov.png
wendy_anne,assets\cards\wendy_anne.png
wentlestrap_vest,assets\cards\wentlestrap_vest.png
wesley_shadowsworn,assets\cards\wesley_shadowsworn.png
what_illidan_wants_illidan_gets,assets\cards\what_illidan_wants_illidan_gets.png
whats_haunting_witch_hill,assets\cards\whats_haunting_witch_hill.png
whats_wrong_at_cenarion_thicket,assets\cards\whats_wrong_at_cenarion_thicket.png
when_smokey_sings_i_get_violent,assets\cards\when_smokey_sings_i_get_violent.png
whirlwind,assets\cards\whirlwind.png
whirlwind_weapon,assets\cards\whirlwind_weapon.png
whispering_blade_of_slaying,assets\cards\whispering_blade_of_slaying.png
white_camel,assets\cards\white_camel.png
whitemanes_chapeau,assets\cards\whitemanes_chapeau.png
whiteout,assets\cards\whiteout.png
whiteout_staff,assets\cards\whiteout_staff.png
whitney_gravecaller,assets\cards\whitney_gravecaller.png
widow_venom,assets\cards\widow_venom.png
widows_fury,assets\cards\widows_fury.png
wilba,assets\cards\wilba.png
wild_attunement,assets\cards\wild_attunement.png
wild_cascade,assets\cards\wild_cascade.png
wild_fervor,assets\cards\wild_fervor.png
wild_growth,assets\cards\wild_growth.png
wild_hammer,assets\cards\wild_hammer.png
wild_harmony,assets\cards\wild_harmony.png
wild_mushroom,assets\cards\wild_mushroom.png
wild_rejuvenation,assets\cards\wild_rejuvenation.png
wild_roots,assets\cards\wild_roots.png
wild_seeds,assets\cards\wild_seeds.png
wild_swipes,assets\cards\wild_swipes.png
wild_wrath,assets\cards\wild_wrath.png
wildfire,assets\cards\wildfire.png
wildhammer_gryphon,assets\cards\wildhammer_gryphon.png
wildlife_defender,assets\cards\wildlife_defender.png
wildseer_varel,assets\cards\wildseer_varel.png
wildwatcher_elandra,assets\cards\wildwatcher_elandra.png
wildweaver_masazun,assets\cards\wildweaver_masazun.png
will_from_beyond,assets\cards\will_from_beyond.png
will_of_arlokk,assets\cards\will_of_arlokk.png
will_of_ceanrius,assets\cards\will_of_ceanrius.png
wimbly_tinkerton,assets\cards\wimbly_tinkerton.png
wind_shear,assets\cards\wind_shear.png
windfury_infusion,assets\cards\windfury_infusion.png
windfury_totem,assets\cards\windfury_totem.png
windfury_weapon,assets\cards\windfury_weapon.png
windguard_totem,assets\cards\windguard_totem.png
windrunners_bow,assets\cards\windrunners_bow.png
windrunners_heartseeker,assets\cards\windrunners_heartseeker.png
windseer_tarus,assets\cards\windseer_tarus.png
windshear_totem,assets\cards\windshear_totem.png
windspeaker_nuvu,assets\cards\windspeaker_nuvu.png
windstriker_larun,assets\cards\windstriker_larun.png
windtalkers_wristguards,assets\cards\windtalkers_wristguards.png
wing_clip,assets\cards\wing_clip.png
winston_duskhaven,assets\cards\winston_duskhaven.png
winterhoof_frostheart,assets\cards\winterhoof_frostheart.png
winters_grasp,assets\cards\winters_grasp.png
winters_icy_embrace,assets\cards\winters_icy_embrace.png
winterstorm_totem,assets\cards\winterstorm_totem.png
wipe_or_snipe,assets\cards\wipe_or_snipe.png
wisdom,assets\cards\wisdom.png
wisp,assets\cards\wisp.png
wisp_amulet,assets\cards\wisp_amulet.png
witch_doctor_kabooma,assets\cards\witch_doctor_kabooma.png
witch_doctor_koozar,assets\cards\witch_doctor_koozar.png
withdraw,assets\cards\withdraw.png
withering_decay,assets\cards\withering_decay.png
withering_shout,assets\cards\withering_shout.png
woe_or_grow,assets\cards\woe_or_grow.png
woodsie_leafsong,assets\cards\woodsie_leafsong.png
wooly_white_rhino,assets\cards\wooly_white_rhino.png
word_of_blight,assets\cards\word_of_blight.png
word_of_glory,assets\cards\word_of_glory.png
world_breaker,assets\cards\world_breaker.png
world_in_flames,assets\cards\world_in_flames.png
world_of_shadows,assets\cards\world_of_shadows.png
wormwood,assets\cards\wormwood.png
wound_poison,assets\cards\wound_poison.png
wraith_scythe,assets\cards\wraith_scythe.png
wraith_spear,assets\cards\wraith_spear.png
wraps_of_the_astral_traveler,assets\cards\wraps_of_the_astral_traveler.png
wrath,assets\cards\wrath.png
wrath_of_the_ages,assets\cards\wrath_of_the_ages.png
wrath_of_turalyon,assets\cards\wrath_of_turalyon.png
wrathguard_defender,assets\cards\wrathguard_defender.png
wrathion,assets\cards\wrathion.png
wrathtide_longbow,assets\cards\wrathtide_longbow.png
wreck,assets\cards\wreck.png
wrecking_crew,assets\cards\wrecking_crew.png
wrex,assets\cards\wrex.png
wristguards_of_true_flight,assets\cards\wristguards_of_true_flight.png
wristwraps_of_the_cutthroat,assets\cards\wristwraps_of_the_cutthroat.png
wubs_cursed_hexblade,assets\cards\wubs_cursed_hexblade.png
wuzlo_grindergear,assets\cards\wuzlo_grindergear.png
wyler_surestrike,assets\cards\wyler_surestrike.png
wyndarr_shadefist,assets\cards\wyndarr_shadefist.png
wyneth_harridan,assets\cards\wyneth_harridan.png
wynnd_the_spry,assets\cards\wynnd_the_spry.png
wyrmrest_captain,assets\cards\wyrmrest_captain.png
wyrmrest_protector,assets\cards\wyrmrest_protector.png
wyrmwing_treads,assets\cards\wyrmwing_treads.png
wysko,assets\cards\wysko.png
wyvern_sting,assets\cards\wyvern_sting.png
x_51_nether_rocket,assets\cards\x_51_nether_rocket.png
xanata_the_lightsworn,assets\cards\xanata_the_lightsworn.png
xander_blackcrow,assets\cards\xander_blackcrow.png
xarantaur,assets\cards\xarantaur.png
xavar_the_resourceful,assets\cards\xavar_the_resourceful.png
xavius,assets\cards\xavius.png
xela_the_tormentor,assets\cards\xela_the_tormentor.png
xerandaal_shade_servitor,assets\cards\xerandaal_shade_servitor.png
xeris,assets\cards\xeris.png
xia_queen_of_suffering,assets\cards\xia_queen_of_suffering.png
xiri,assets\cards\xiri.png
xuurvis,assets\cards\xuurvis.png
yamon,assets\cards\yamon.png
yanami,assets\cards\yanami.png
yanna_daishalan,assets\cards\yanna_daishalan.png
yaza_the_vandal,assets\cards\yaza_the_vandal.png
yazli_earthspark,assets\cards\yazli_earthspark.png
yellowspine,assets\cards\yellowspine.png
yertle,assets\cards\yertle.png
ymirheim_chosen_warrior,assets\cards\ymirheim_chosen_warrior.png
yoink,assets\cards\yoink.png
you_are_rakhlikh_demon,assets\cards\you_are_rakhlikh_demon.png
you_robot,assets\cards\you_robot.png
your_fortune_awaits_you,assets\cards\your_fortune_awaits_you.png
yozatsu,assets\cards\yozatsu.png
ysera_the_dreamer,assets\cards\ysera_the_dreamer.png
yula_the_fair,assets\cards\yula_the_fair.png
yuna_sunridge,assets\cards\yuna_sunridge.png
yunzo_the_hexer,assets\cards\yunzo_the_hexer.png
zaduru,assets\cards\zaduru.png
zafira_ragebolt,assets\cards\zafira_ragebolt.png
zagrun_wolfeye,assets\cards\zagrun_wolfeye.png
zagzil,assets\cards\zagzil.png
zaistor_the_vigilant,assets\cards\zaistor_the_vigilant.png
zakis_tricksta,assets\cards\zakis_tricksta.png
zalabar_the_dark_tinkerer,assets\cards\zalabar_the_dark_tinkerer.png
zalan_ragewind,assets\cards\zalan_ragewind.png
zalazane,assets\cards\zalazane.png
zalekor_the_ferocious,assets\cards\zalekor_the_ferocious.png
zandar_shadesprocket,assets\cards\zandar_shadesprocket.png
zane_the_sniper,assets\cards\zane_the_sniper.png
zanrix_steelboot,assets\cards\zanrix_steelboot.png
zapped_giants,assets\cards\zapped_giants.png
zarim_redskull,assets\cards\zarim_redskull.png
zaritha,assets\cards\zaritha.png
zarixx_herald_of_death,assets\cards\zarixx_herald_of_death.png
zarizari,assets\cards\zarizari.png
zarvix_the_tormentor,assets\cards\zarvix_the_tormentor.png
zazajun,assets\cards\zazajun.png
zazel_the_greedy,assets\cards\zazel_the_greedy.png
zazzo_dizzleflame,assets\cards\zazzo_dizzleflame.png
zealot_kalinov,assets\cards\zealot_kalinov.png
zealotry,assets\cards\zealotry.png
zeherahs_dragonskull_crown,assets\cards\zeherahs_dragonskull_crown.png
zempre_grace_of_elune,assets\cards\zempre_grace_of_elune.png
zenith_shadowforce,assets\cards\zenith_shadowforce.png
zenivun,assets\cards\zenivun.png
zephyr,assets\cards\zephyr.png
zerzu,assets\cards\zerzu.png
zhardoom,assets\cards\zhardoom.png
zhardoom_greatstaff_of_the_devourer,assets\cards\zhardoom_greatstaff_of_the_devourer.png
zimo,assets\cards\zimo.png
zimo_the_empowered,assets\cards\zimo_the_empowered.png
zimzi_the_trickster,assets\cards\zimzi_the_trickster.png
zin_azshari,assets\cards\zin_azshari.png
zindalan,assets\cards\zindalan.png
zinrokh_destroyer_of_worlds,assets\cards\zinrokh_destroyer_of_worlds.png
zinsul,assets\cards\zinsul.png
zintix_the_frostbringer,assets\cards\zintix_the_frostbringer.png
zip,assets\cards\zip.png
zizzlix_drizzledrill,assets\cards\zizzlix_drizzledrill.png
zog_herald_of_death,assets\cards\zog_herald_of_death.png
zoids_firelit_greatsword,assets\cards\zoids_firelit_greatsword.png
zomm_hopeslayer,assets\cards\zomm_hopeslayer.png
zooti_fizzlefury,assets\cards\zooti_fizzlefury.png
zophos,assets\cards\zophos.png
zophos_the_vengeful,assets\cards\zophos_the_vengeful.png
zoraktul,assets\cards\zoraktul.png
zorchal_the_shadowseer,assets\cards\zorchal_the_shadowseer.png
zordul_deathbinder,assets\cards\zordul_deathbinder.png
zores_herald_of_war,assets\cards\zores_herald_of_war.png
zorin_of_the_thunderhead,assets\cards\zorin_of_the_thunderhead.png
zorkka_timewalker_shaman,assets\cards\zorkka_timewalker_shaman.png
zorm_stonefury,assets\cards\zorm_stonefury.png
zorus_the_judicator,assets\cards\zorus_the_judicator.png
zovaar_the_fallen,assets\cards\zovaar_the_fallen.png
zudzo_herald_of_the_elements,assets\cards\zudzo_herald_of_the_elements.png
zuglisch,assets\cards\zuglisch.png
zugna_windseer_apprentice,assets\cards\zugna_windseer_apprentice.png
zulanji,assets\cards\zulanji.png
zulbraka,assets\cards\zulbraka.png
zuljin,assets\cards\zuljin.png
zulthat_steeltusk,assets\cards\zulthat_steeltusk.png
zumbly_fiddlespark,assets\cards\zumbly_fiddlespark.png
zuur,assets\cards\zuur.png
zygore_bladebreaker,assets\cards\zygore_bladebreaker.png
zylah_manslayer,assets\cards\zylah_manslayer.png
